文献番号,出願番号,出願日,公知日,発明の名称,出願人/権利者,FI,公開番号,公告番号,登録番号,審判番号,その他,ステージ,イベント詳細,文献URL,要約,請求の範囲,,,
特許7454310,特願2023-147136,2023/9/11,2024/3/22,特許情報管理システム,アイ・ピー・ファイン株式会社,"G06Q50/18,310",特開2025-040305,,特許7454310,,,特許 有効,公開公報の発行,https://www.j-platpat.inpit.go.jp/c1801/PU/JP-2023-147136/10/ja,"【課題】ユーザによる国際公開公報に対するその後の監視負担を軽減できる特許情報管理システムを提供すること。
【解決手段】コンピュータがテーマに基づく公報一覧リストに、国際公開公報によるＷＯ案件データが含まれているか判断するＷＯ存在確認ステップＳ２１、ＷＯ案件データがある場合、ＷＯ案件データに対応する国内特許公報であるＪＰ案件データが公報一覧リストに含まれているか判断する対応ＪＰ存在確認ステップＳ２２、ＪＰ案件データがある場合、ＷＯ案件データとＪＰ案件データとを相互リンクする関連付けステップＳ２３、ＪＰ案件データがない場合、ＷＯ案件データに対応する国内出願番号があるか定期的に確認する対応ＪＰ出願番号確認ステップＳ２５、ＷＯ案件データに対応する国内出願番号がある場合、ＷＯ案件データに対応するＪＰ対応データを作成し、公報一覧リストに追加するＪＰ対応データ作成ステップＳ２８を実行する。","【請求項１】
  設定したテーマに基づいて収集した特許公報データを蓄積し、蓄積した前記特許公報データの内容を評価し、評価結果を前記特許公報データと関連付けて蓄積する特許情報管理システムであって、
コンピュータが、
前記テーマに基づく公報一覧リストに、国際公開公報によるＷＯ案件データが含まれているかを判断するＷＯ存在確認ステップと、
前記ＷＯ存在確認ステップで前記ＷＯ案件データが存在する場合には、前記ＷＯ案件データに対応する国内特許公報であるＪＰ案件データが前記公報一覧リストに含まれているかを判断する対応ＪＰ存在確認ステップと、
前記対応ＪＰ存在確認ステップで、前記ＪＰ案件データが存在する場合には、前記ＷＯ案件データと前記ＪＰ案件データとを相互リンクする関連付けステップと、
前記対応ＪＰ存在確認ステップで、前記ＪＰ案件データが存在しない場合には、前記ＷＯ案件データに対応する国内出願番号が存在するか否かを定期的に確認する対応ＪＰ出願番号確認ステップと、
前記対応ＪＰ出願番号確認ステップで、前記ＷＯ案件データに対応する前記国内出願番号が存在する場合には、前記ＷＯ案件データに対応するＪＰ対応データを作成して、前記公報一覧リストに追加するＪＰ対応データ作成ステップと
を実行する
ことを特徴とする特許情報管理システム。
【請求項２】
  前記コンピュータが、
前記対応ＪＰ存在確認ステップで、前記ＪＰ案件データが存在しない場合には、前記国内出願番号の存在を定期的に確認することを必要とするか否かを、ユーザに対して選択させる経過監視選択ステップ
を更に有し、
前記コンピュータは、
前記経過監視選択ステップで、前記ユーザが前記国内出願番号の存在を定期的に確認することを必要とすることを選択した場合に、前記対応ＪＰ出願番号確認ステップを実行する
ことを特徴とする請求項１に記載の特許情報管理システム。
【請求項３】
  前記コンピュータが、
前記対応ＪＰ出願番号確認ステップで、前記ＷＯ案件データに対応する前記国内出願番号が存在する場合には、前記ユーザに対して通知を行う通知ステップ
を更に有する
ことを特徴とする請求項２に記載の特許情報管理システム。
【請求項４】
  前記国際公開公報について日本国内に移行されて付与される前記国内出願番号を国際公開番号と関連付けて定期的に国内移行データベースに蓄積し、
前記対応ＪＰ出願番号確認ステップでは、前記国内移行データベースを用いて、前記ＷＯ案件データに対応する前記国内出願番号を確認する
ことを特徴とする請求項１に記載の特許情報管理システム。
【請求項５】
  前記コンピュータが、
前記ＷＯ案件データが基準日から所定期間が経過したかを判断する監視期間判断ステップ
を更に有し、
前記監視期間判断ステップで前記所定期間が経過したときには、前記対応ＪＰ出願番号確認ステップを行うことなく、国内移行無しの処理を行う
ことを特徴とする請求項１に記載の特許情報管理システム。",,,
特開2024-021207,特願2022-123891,2022/8/3,2024/2/16,文献情報評価方法,アイ・ピー・ファイン株式会社,"G06F16/383,G06Q50/10",特開2024-021207,,,,,審査中,審査請求,https://www.j-platpat.inpit.go.jp/c1801/PU/JP-2022-123891/10/ja,"【課題】関連語を反映してユニークワードを維持した評価結果を得ることができる文献情報評価方法を提供すること。
【解決手段】コンピュータが、サーチワード抽出ステップＳ１、ノイズワード抽出ステップＳ２、ユニークワード処理ステップＳ３、サーチ関連語群処理ステップＳ４、ノイズ関連語群処理ステップＳ５、一つのサーチ関連語群に含まれるサーチユニークワードをＯＲ条件とし、異なるサーチ関連語群間を加算条件として設定するサーチ検索条件設定ステップＳ８と、一つのノイズ関連語群に含まれるノイズユニークワードをＯＲ条件とし、異なるノイズ関連語群間を加算条件として設定するノイズ検索条件設定ステップＳ９、サーチ検索条件設定ステップＳ８とノイズ検索条件設定ステップＳ９で設定された条件によって算出される文献ワード付与率に応じて未評価文献の評価結果を表示する評価結果表示ステップＳ１０を実行する。","【請求項１】
  既にサーチ対象であると評価された評価済サーチ文献と、既にノイズ対象として評価された評価済ノイズ文献とを用いて、コンピュータによって未評価文献を評価する文献情報評価方法であって、
前記コンピュータが、
前記評価済サーチ文献に記載されているサーチワードを抽出するサーチワード抽出ステップと、
前記評価済ノイズ文献に記載されているノイズワードを抽出するノイズワード抽出ステップと、
前記サーチワード抽出ステップで抽出された前記サーチワードと前記ノイズワード抽出ステップで抽出された前記ノイズワードとを対比し、前記サーチワードと前記ノイズワードとが同じである共通ワードを除去するユニークワード処理ステップと、
前記ユニークワード処理ステップで前記共通ワードが除去されたサーチユニークワードを、関連語辞書を用いてサーチ関連語群に纏めるサーチ関連語群処理ステップと、
前記ユニークワード処理ステップで前記共通ワードが除去されたノイズユニークワードを、前記関連語辞書を用いてノイズ関連語群に纏めるノイズ関連語群処理ステップと、
前記サーチ関連語群処理ステップで纏まった一つの前記サーチ関連語群に含まれる前記サーチユニークワードをＯＲ条件とし、異なる前記サーチ関連語群間を加算条件として設定するサーチ検索条件設定ステップと、
前記ノイズ関連語群処理ステップで纏まった一つの前記ノイズ関連語群に含まれる前記ノイズユニークワードをＯＲ条件とし、異なる前記ノイズ関連語群間を加算条件として設定するノイズ検索条件設定ステップと、
前記サーチ検索条件設定ステップと前記ノイズ検索条件設定ステップで設定された条件によって算出される文献ワード付与率に応じて前記未評価文献の評価結果を表示する評価結果表示ステップと
を実行する
ことを特徴とする文献情報評価方法。
【請求項２】
  既にサーチ対象であると評価された評価済サーチ文献と、既にノイズ対象として評価された評価済ノイズ文献とを用いて、コンピュータによって未評価文献を評価する文献情報評価方法であって、
前記コンピュータが、
前記評価済サーチ文献に記載されているサーチワードを抽出するサーチワード抽出ステップと、
前記評価済ノイズ文献に記載されているノイズワードを抽出するノイズワード抽出ステップと、
前記サーチワード抽出ステップで抽出された前記サーチワードを、関連語辞書を用いてサーチ関連語群に纏めるサーチ関連語群処理ステップと、
前記ノイズワード抽出ステップで抽出された前記ノイズワードを、前記関連語辞書を用いてノイズ関連語群に纏めるノイズ関連語群処理ステップと、
前記サーチワードと前記ノイズワードとが同じである共通ワードを除去するユニークワード処理ステップと、
前記サーチ関連語群処理ステップで纏まった一つの前記サーチ関連語群に含まれる前記サーチユニークワードをＯＲ条件とし、異なる前記サーチ関連語群間を加算条件として設定するサーチ検索条件設定ステップと、
前記ノイズ関連語群処理ステップで纏まった一つの前記ノイズ関連語群に含まれる前記ノイズユニークワードをＯＲ条件とし、異なる前記ノイズ関連語群間を加算条件として設定するノイズ検索条件設定ステップと、
前記サーチ検索条件設定ステップと前記ノイズ検索条件設定ステップで設定された条件によって算出される文献ワード付与率に応じて前記未評価文献の評価結果を表示する評価結果表示ステップと
を実行する
ことを特徴とする文献情報評価方法。
【請求項３】
  前記サーチワード抽出ステップで抽出する前記サーチワード、及び前記ノイズワード抽出ステップで抽出する前記ノイズワードについて、ワード出現回数又はワード出現件数を算出し、
前記サーチ関連語群処理ステップでは、前記ワード出現回数又は前記ワード出現件数が第1設定数以上である前記サーチユニークワードを対象として処理し、
前記ノイズ関連語群処理ステップでは、前記ワード出現回数又は前記ワード出現件数が第2設定数以上である前記ノイズユニークワードを対象として処理する
ことを特徴とする請求項１又は請求項２に記載の文献情報評価方法。
【請求項４】
  前記サーチワード抽出ステップで抽出する前記サーチワード、及び前記ノイズワード抽出ステップで抽出する前記ノイズワードについて、ワード出現回数又はワード出現件数を算出し、
前記サーチ検索条件設定ステップでは、一つの前記サーチ関連語群に纏まった前記サーチユニークワードのワード出現合計回数又はワード出現合計件数が第1設定合計数以上である前記サーチ関連語群を対象として処理し、
前記ノイズ検索条件設定ステップでは、一つの前記ノイズ関連語群に纏まった前記ノイズユニークワードのワード出現合計回数又はワード出現合計件数が第２設定合計数以上である前記ノイズ関連語群を対象として処理する
ことを特徴とする請求項１又は請求項２に記載の文献情報評価方法。
【請求項５】
  前記コンピュータが、
前記サーチ関連語群処理ステップで纏められた前記サーチ関連語群、及び前記ノイズ関連語群処理ステップで纏められた前記ノイズ関連語群を、前記サーチユニークワード及び前記ノイズユニークワードとともに表示するユニークワード関連語群表示ステップを実行する
ことを特徴とする請求項１又は請求項２に記載の文献情報評価方法。
【請求項６】
  前記ユニークワード関連語群表示ステップでは、ユーザに対して、前記サーチユニークワード、前記ノイズユニークワード、前記サーチ関連語群、及び前記ノイズ関連語群のいずれかについて削除を促し、
前記サーチ検索条件設定ステップ及び前記ノイズ検索条件設定ステップでは、
前記ユーザが削除指示を行った、前記サーチユニークワード、前記ノイズユニークワード、前記サーチ関連語群、又は前記ノイズ関連語群を用いない
ことを特徴とする請求項５に記載の文献情報評価方法。",,,
特開2023-107712,特願2022-032546,2022/3/3,2023/8/3,評価済文献診断システム,アイ・ピー・ファイン株式会社,G06Q50/10,特開2023-107712,,特許7383311,,,特許 有効,登録公報の発行,https://www.j-platpat.inpit.go.jp/c1801/PU/JP-2022-032546/10/ja,"【課題】既にサーチ対象であると評価された評価済サーチ文献及び評価済ノイズ文献の評価の妥当性を診断でき、評価精度を向上する評価済文献診断システムを提供すること。
【解決手段】評価済サーチ文献と評価済ノイズ文献を第１群から第Ｎ群に分割する分割ステップ、ＡＩ判定を行うＡＩ判定コンピュータに判定用データを送信するデータ送信ステップ、判定結果データをＡＩ判定コンピュータから受信するとこの判定結果データで、評価済文献をサーチ判別文献とノイズ判別文献とに判別する文献判別ステップ、サーチ対象の評価済サーチ文献が、ノイズ判別文献に判別されると、偽陰性文献と判断する偽陰性文献判断ステップ、評価済サーチ文献がノイズ判別文献に判別されると、偽陰性文献とする偽陰性文献判断ステップ、偽陰性文献について、偽陰性文献数又は偽陰性比率を表示する出力ステップを有する。","【請求項１】
  既にサーチ対象であると評価された評価済サーチ文献と、既にノイズ対象として評価された評価済ノイズ文献とからなる評価済文献についての評価の妥当性をＡＩ判定を用いてコンピュータが診断する評価済文献診断システムであって、
前記コンピュータが、
複数の前記評価済サーチ文献と複数の前記評価済ノイズ文献とを、それぞれ第１群から第Ｎ（Ｎは２以上の整数）群に分割する分割ステップを実行し、
前記分割ステップでは、前記第１群に分割された複数の前記評価済サーチ文献からなる評価済サーチ文献群と前記第１群に分割された複数の前記評価済ノイズ文献からなる評価済ノイズ文献群とを第１教師文献とし、前記第１群に分割されなかった前記評価済サーチ文献群と前記第１群に分割されなかった前記評価済ノイズ文献群とを第１判定文献とし、前記第Ｎ群に分割された前記評価済サーチ文献群と前記第Ｎ群に分割された前記評価済ノイズ文献群とを第Ｎ教師文献とし、前記第Ｎ群に分割されなかった前記評価済サーチ文献群と前記第Ｎ群に分割されなかった前記評価済ノイズ文献群とを第Ｎ判定文献とし、
前記分割ステップを実行した後に、前記第１教師文献と前記第１判定文献とを前記第１群とし、前記第Ｎ教師文献と前記第Ｎ判定文献とを前記第Ｎ群として、前記ＡＩ判定を行うＡＩ判定コンピュータに判定用データを送信するデータ送信ステップを実行し、
前記第１判定文献から前記第Ｎ判定文献について判定結果データを前記ＡＩ判定コンピュータから受信すると、受信した前記判定結果データを用いて、前記評価済文献をサーチ判別文献とノイズ判別文献とに判別する文献判別ステップを実行し、
前記サーチ対象として評価されていた前記評価済サーチ文献が、前記文献判別ステップで前記ノイズ判別文献に判別されると、前記評価済サーチ文献を偽陰性文献と判断する偽陰性文献判断ステップを実行し、
前記偽陰性文献判断ステップで判断された前記偽陰性文献について、偽陰性文献数又は偽陰性比率を表示する出力ステップを実行する
ことを特徴とする評価済文献診断システム。
【請求項２】
  既にサーチ対象であると評価された評価済サーチ文献と、既にノイズ対象として評価された評価済ノイズ文献とからなる評価済文献についての評価の妥当性をＡＩ判定を用いてコンピュータが診断する評価済文献診断システムであって、
前記コンピュータが、
前記評価済文献の一部を教師文献とし、その他を判定文献として抽出し、抽出した前記教師文献と前記判定文献とを判定用データとして前記ＡＩ判定を行うＡＩ判定コンピュータに送信するデータ送信ステップを実行し、
前記判定文献についてサーチ確率及びノイズ確率の少なくともいずれかの判定結果データを前記ＡＩ判定コンピュータから受信すると、受信した前記判定結果データを用いて、前記サーチ確率及び前記ノイズ確率の少なくともいずれかを用いた確率値でソートされた順位値を前記判定文献に付与し、任意に設定できる目標順位値を基準にして、前記順位値によって前記判定文献をサーチ判別文献とノイズ判別文献とに判別する文献判別ステップを実行し、
前記判定文献についてキーワード付与率を算出するキーワード付与率算出ステップを実行し、
前記判定文献に付与された前記順位値と前記キーワード付与率によりグラフを表示すると共に前記判定文献に付与している評価種別を前記グラフに表示する出力ステップを実行する
ことを特徴とする評価済文献診断システム。
【請求項３】
  前記コンピュータが、
前記ノイズ対象として評価されていた前記評価済ノイズ文献が、前記文献判別ステップで前記サーチ判別文献に判別されると、前記評価済ノイズ文献を偽陽性文献と判断する偽陽性文献判断ステップを実行し、
前記出力ステップでは、前記偽陽性文献判断ステップで判断した前記偽陽性文献について、偽陽性文献数又は偽陽性比率を表示する
ことを特徴とする請求項１に記載の評価済文献診断システム。
【請求項４】
  前記出力ステップでは、前記偽陰性文献について、前記評価済文献を識別する識別番号を表示する
ことを特徴とする請求項１に記載の評価済文献診断システム。
【請求項５】
  前記出力ステップでは、前記偽陽性文献について、前記評価済文献を識別する識別番号を表示する
ことを特徴とする請求項３に記載の評価済文献診断システム。
【請求項６】
  前記判定結果データが、サーチ確率及びノイズ確率であり、
前記文献判別ステップでは、前記サーチ確率と前記ノイズ確率とから確率差を算出し、算出した前記確率差とあらかじめ設定した判定境界値とを比較して、前記評価済文献を前記サーチ判別文献と前記ノイズ判別文献とに判別する
ことを特徴とする請求項１から請求項５のいずれか１項に記載の評価済文献診断システム。
【請求項７】
  前記出力ステップでは、前記偽陰性文献又は前記偽陽性文献について、確率差による判定順位を表示する
ことを特徴とする請求項３に記載の評価済文献診断システム。
【請求項８】
  前記評価済サーチ文献として、第１評価による第１評価済サーチ文献と、前記第１評価とは異なる第２評価による第２評価済サーチ文献とを少なくとも有し、
前記偽陰性文献判断ステップでは、前記第１評価済サーチ文献については第１偽陰性文献として、前記第２評価済サーチ文献については第２偽陰性文献として判断し、
前記出力ステップでは、前記第１偽陰性文献及び前記第２偽陰性文献についての文献データを表示する
ことを特徴とする請求項１に記載の評価済文献診断システム。
【請求項９】
  前記偽陰性文献判断ステップで判断される前記偽陰性文献が所定数以下である場合には、前記出力ステップでは、前記評価済サーチ文献群が適格であることを表示する
ことを特徴とする請求項１に記載の評価済文献診断システム。
【請求項１０】
  前記評価済文献を評価済特許文献とした
ことを特徴とする請求項１から請求項９のいずれか１項に記載の評価済文献診断システム。
【請求項１１】
  前記グラフで表示された前記判定文献を指定することにより前記判定文献の情報を表示する
ことを特徴とする請求項２に記載の評価済文献診断システム。",,,
特許7154645,特願2021-165832,2021/10/8,2022/10/18,特許調査支援システム,アイ・ピー・ファイン株式会社,"G06F16/35,G06F16/332",特開2023-056563,,特許7154645,,,特許 有効,年金の支払い,https://www.j-platpat.inpit.go.jp/c1801/PU/JP-2021-165832/10/ja,"【課題】第１群対象案件か第２群対象案件かの判定が困難な案件データを特定することができる特許調査支援システムを提供すること。
【解決手段】設定したテーマに基づく未評価案件データを特許情報データベース１１に蓄積し、処理手段４０では、テーマにおいて第１群に分類される第１群対象案件であるとあらかじめ評価された第１群教師案件データ、及び前記テーマにおいて第２群に分類される第２群対象案件であるとあらかじめ評価された第２群教師案件データを用いて、未評価案件データについて、第１群対象案件か第２群対象案件かを判定し、第１群対象案件を抽出するための第１群キーワード、第２群対象案件を抽出するための第２群キーワードを用いて、未評価案件データについて、キーワード付与率を算出し、表示手段３０は、キーワード付与率に応じてサーチ対象案件又はノイズ対象案件の件数を表示する。","【請求項１】
  設定したテーマに基づく未評価案件データを特許情報データベースに蓄積し、
処理手段では、
前記テーマにおいて第１群に分類される第１群対象案件であるとあらかじめ評価された第１群教師案件データ、及び前記テーマにおいて第２群に分類される第２群対象案件であるとあらかじめ評価された第２群教師案件データを用いて、前記未評価案件データについて、前記第１群対象案件か前記第２群対象案件かを判定し、
前記第１群対象案件を抽出するための第１群キーワード及び前記第２群対象案件を抽出するための第２群キーワードを用いて、前記未評価案件データについて、キーワード付与率を算出し、
表示手段では、前記キーワード付与率に応じて、前記第１群対象案件又は前記第２群対象案件の件数を表示する
ことを特徴とする特許調査支援システム。
【請求項２】
  前記第１群キーワード及び前記第２群キーワードを入力する入力手段を有し、
前記入力手段では、
入力される前記第１群キーワードを含む案件データを検索対象とするサーチ条件設定欄と、入力される前記第２群キーワードを含む前記案件データを前記検索対象外とするノイズ条件設定欄とに、キーワードを入力でき、
前記サーチ条件設定欄として、少なくとも第１サーチ条件設定欄と第２サーチ条件設定欄とを有し、
前記ノイズ条件設定欄として、少なくとも第１ノイズ条件設定欄と第２ノイズ条件設定欄とを有し、
前記処理手段では、
前記第１サーチ条件設定欄及び前記第２サーチ条件設定欄の双方に入力された前記キーワードを含む前記案件データに対しては、前記第１サーチ条件設定欄及び前記第２サーチ条件設定欄のいずれか一方だけに入力された前記キーワードを含む前記案件データよりも高い前記キーワード付与率を算出し、
前記第１サーチ条件設定欄及び前記第２サーチ条件設定欄のいずれか一方だけに入力された前記キーワードを含む前記案件データに対しては、前記第１サーチ条件設定欄及び前記第２サーチ条件設定欄の双方に入力された前記キーワードを含まない前記案件データよりも高い前記キーワード付与率を算出し、
前記第１サーチ条件設定欄及び前記第２サーチ条件設定欄の双方に入力された前記キーワードを含み、前記第１ノイズ条件設定欄及び前記第２ノイズ条件設定欄の双方に入力された前記キーワードを含まない前記案件データに対しては、前記第１サーチ条件設定欄及び前記第２サーチ条件設定欄の双方に入力された前記キーワードを含み、前記第１ノイズ条件設定欄及び前記第２ノイズ条件設定欄のいずれか一方だけに入力された前記キーワードを含む前記案件データよりも高い前記キーワード付与率を算出し、
前記第１サーチ条件設定欄及び前記第２サーチ条件設定欄の双方に入力された前記キーワードを含み、前記第１ノイズ条件設定欄及び前記第２ノイズ条件設定欄のいずれか一方だけに入力された前記キーワードを含む前記案件データに対しては、前記第１サーチ条件設定欄及び前記第２サーチ条件設定欄の双方に入力された前記キーワードを含み、前記第１ノイズ条件設定欄及び前記第２ノイズ条件設定欄の双方に入力された前記キーワードを含む前記案件データよりも高い前記キーワード付与率を算出し、
前記第１サーチ条件設定欄及び前記第２サーチ条件設定欄のいずれか一方だけに入力された前記キーワードを含み、前記第１ノイズ条件設定欄及び前記第２ノイズ条件設定欄の双方に入力された前記キーワードを含まない前記案件データに対しては、前記第１サーチ条件設定欄及び前記第２サーチ条件設定欄のいずれか一方だけに入力された前記キーワードを含み、前記第１ノイズ条件設定欄及び前記第２ノイズ条件設定欄のいずれか一方だけに入力された前記キーワードを含む前記案件データよりも高い前記キーワード付与率を算出し、
前記第１サーチ条件設定欄及び前記第２サーチ条件設定欄のいずれか一方だけに入力された前記キーワードを含み、前記第１ノイズ条件設定欄及び前記第２ノイズ条件設定欄のいずれか一方だけに入力された前記キーワードを含む前記案件データに対しては、前記第１サーチ条件設定欄及び前記第２サーチ条件設定欄のいずれか一方だけに入力された前記キーワードを含み、前記第１ノイズ条件設定欄及び前記第２ノイズ条件設定欄の双方に入力された前記キーワードを含む前記案件データよりも高い前記キーワード付与率を算出し、
前記第１サーチ条件設定欄及び前記第２サーチ条件設定欄の双方に入力された前記キーワードを含まず、前記第１ノイズ条件設定欄及び前記第２ノイズ条件設定欄の双方に入力された前記キーワードを含む前記案件データに対しては、前記第１サーチ条件設定欄及び前記第２サーチ条件設定欄の双方に入力された前記キーワードを含まず、前記第１ノイズ条件設定欄及び前記第２ノイズ条件設定欄のいずれか一方だけに入力された前記キーワードを含む前記案件データよりも低い前記キーワード付与率を算出し、
前記第１サーチ条件設定欄及び前記第２サーチ条件設定欄の双方に入力された前記キーワードを含まず、前記第１ノイズ条件設定欄及び前記第２ノイズ条件設定欄のいずれか一方だけに入力された前記キーワードを含む前記案件データに対しては、前記第１サーチ条件設定欄及び前記第２サーチ条件設定欄の双方に入力された前記キーワードを含まず、前記第１ノイズ条件設定欄及び前記第２ノイズ条件設定欄の双方に入力された前記キーワードを含まない前記案件データよりも低い前記キーワード付与率を算出し、
前記表示手段では、前記キーワード付与率に応じた前記案件データの件数を表示する
ることを特徴とする請求項１に記載の特許調査支援システム。
【請求項３】
  前記入力手段では、前記第１サーチ条件設定欄、前記第２サーチ条件設定欄、前記第１ノイズ条件設定欄、及び前記第２ノイズ条件設定欄に対してそれぞれ重み付けを設定でき、
前記処理手段では、指定された前記重み付けによって前記キーワード付与率を算出する
ことを特徴とする請求項２に記載の特許調査支援システム。
【請求項４】
  前記第１サーチ条件設定欄、前記第２サーチ条件設定欄、前記第１ノイズ条件設定欄、及び前記第２ノイズ条件設定欄には、複数の異なる前記キーワードを択一的条件で入力できるとともに、前記キーワードとしてＦＩ及びＦタームを入力できる
ことを特徴とする請求項２又は請求項３に記載の特許調査支援システム。
【請求項５】
  前記入力手段では、
前記サーチ条件設定欄におけるサーチ最高キーワード付与率と、前記ノイズ条件設定欄におけるノイズ最高キーワード付与率とを設定できる
ことを特徴とする請求項２から請求項４のいずれか１項に記載の特許調査支援システム。
【請求項６】
  設定したテーマに基づく案件データを収集した特許情報データを特許情報データベースに蓄積し、検索条件として設定するキーワードを入力手段から入力し、入力された前記キーワードを用いて処理手段でキーワード付与率を算出し、算出された前記キーワード付与率を用いて前記案件データを表示手段で表示する特許調査支援システムであって、
前記入力手段では、
入力される前記キーワードを含む前記案件データを検索対象とするサーチ条件設定欄と、入力される前記キーワードを含む前記案件データを前記検索対象外とするノイズ条件設定欄とに、前記キーワードを入力でき、
前記サーチ条件設定欄として、少なくとも第１サーチ条件設定欄と第２サーチ条件設定欄とを有し、
前記ノイズ条件設定欄として、少なくとも第１ノイズ条件設定欄と第２ノイズ条件設定欄とを有し、
前記処理手段では、
前記第１サーチ条件設定欄及び前記第２サーチ条件設定欄の双方に入力された前記キーワードを含む前記案件データに対しては、前記第１サーチ条件設定欄及び前記第２サーチ条件設定欄のいずれか一方だけに入力された前記キーワードを含む前記案件データよりも高い前記キーワード付与率を算出し、
前記第１サーチ条件設定欄及び前記第２サーチ条件設定欄のいずれか一方だけに入力された前記キーワードを含む前記案件データに対しては、前記第１サーチ条件設定欄及び前記第２サーチ条件設定欄の双方に入力された前記キーワードを含まない前記案件データよりも高い前記キーワード付与率を算出し、
前記第１ノイズ条件設定欄及び前記第２ノイズ条件設定欄の双方に入力された前記キーワードを含む前記案件データに対しては、前記第１ノイズ条件設定欄及び前記第２ノイズ条件設定欄のいずれか一方だけに入力された前記キーワードを含む前記案件データよりも低い前記キーワード付与率を算出し、
前記第１ノイズ条件設定欄及び前記第２ノイズ条件設定欄のいずれか一方だけに入力された前記キーワードを含む前記案件データに対しては、前記第１ノイズ条件設定欄及び前記第２ノイズ条件設定欄の双方に入力された前記キーワードを含まない前記案件データよりも低い前記キーワード付与率を算出し、
前記表示手段では、前記案件データに対して、前記サーチ条件設定欄に入力された前記キーワードから算出される前記キーワード付与率と、前記ノイズ条件設定欄に入力された前記キーワードから算出される前記キーワード付与率とをそれぞれ表示する
ことを特徴とする特許調査支援システム。",,,
特許7081859,特願2021-145845,2021/9/8,2022/6/7,評価済文献診断システム,アイ・ピー・ファイン株式会社,"G06Q50/18,310,G06F16/906,G06N20/00,130",特開2023-038961,,特許7081859,,,特許 有効,年金の支払い,https://www.j-platpat.inpit.go.jp/c1801/PU/JP-2021-145845/10/ja,"【課題】既にサーチ対象であると評価された評価済サーチ文献及び評価済ノイズ文献の評価の適格性を診断でき、評価済サーチ文献及び評価済ノイズ文献の適格性を向上する評価済文献診断システムを提供すること。
【解決手段】評価済サーチ文献群と評価済ノイズ文献群を第１群から第Ｎ群に分類する分類ステップ、第１群に分類されない評価済サーチ文献群及び評価済ノイズ文献群にサーチ確率及びノイズ確率のいずれかの判定を行い、第Ｎ群に分類されない評価済サーチ文献群及び評価済ノイズ文献群にサーチ確率及びノイズ確率のいずれかの判定を行うＡＩ判定ステップ、順位値を文献に付与し、目標順位値を基準にして順位値によって、サーチ判別文献とノイズ判別文献に判別する文献判別ステップ、評価済サーチ文献がノイズ判別文献に判別されると、評価済サーチ文献を偽陰性文献とする偽陰性文献判断ステップ、偽陰性文献の文献データを出力する出力ステップを有する。","【請求項１】
  既にサーチ対象であると評価された評価済サーチ文献と、既にノイズ対象として評価された評価済ノイズ文献とについての評価の適格性を診断する評価済文献診断システムであって、
コンピュータが、
複数の前記評価済サーチ文献からなる評価済サーチ文献群と複数の前記評価済ノイズ文献からなる評価済ノイズ文献群とを、それぞれ第１群から第Ｎ（Ｎは２以上の整数）群に分類する分類ステップと、
前記第１群に分類された前記評価済サーチ文献群と前記第１群に分類された前記評価済ノイズ文献群とを第１教師文献として、前記第１群に分類されなかった前記評価済サーチ文献群と前記第１群に分類されなかった前記評価済ノイズ文献群とについてサーチ確率及びノイズ確率の少なくともいずれかの判定を行い、前記第Ｎ群に分類された前記評価済サーチ文献群と前記第Ｎ群に分類された前記評価済ノイズ文献群とを第Ｎ教師文献として、前記第Ｎ群に分類されなかった前記評価済サーチ文献群と前記第Ｎ群に分類されなかった前記評価済ノイズ文献群とについて前記サーチ確率及び前記ノイズ確率の少なくともいずれかの判定を行うＡＩ判定ステップと、
前記ＡＩ判定ステップで判定された前記サーチ確率及び前記ノイズ確率の少なくともいずれかを用いた確率値でソートされた順位値を前記文献に付与し、任意に設定できる目標順位値を基準にして、前記順位値によって前記文献を、サーチ判別文献とノイズ判別文献とに判別する文献判別ステップと、
前記サーチ対象として評価されていた前記評価済サーチ文献が、前記ノイズ判別文献に判別されると、前記評価済サーチ文献を偽陰性文献と判断する偽陰性文献判断ステップと、
前記偽陰性文献判断ステップで判断した前記偽陰性文献についての文献データを出力する出力ステップと
を有する
ことを特徴とする評価済文献診断システム。
【請求項２】
  前記コンピュータが、
前記ノイズ対象として評価されていた評価済ノイズ文献が、前記サーチ判別文献に判別されると、前記評価済ノイズ文献を偽陽性文献と判断する偽陽性文献判断ステップ
を有し、
前記出力ステップでは、前記偽陽性文献判断ステップで判断した前記偽陽性文献についての文献データを出力する
ことを特徴とする請求項１に記載の評価済文献診断システム。
【請求項３】
  前記評価済サーチ文献として、第１評価による第１評価済サーチ文献と、前記第１評価とは異なる第２評価による第２評価済サーチ文献とを少なくとも有し、
前記偽陰性文献判断ステップでは、前記第１評価済サーチ文献については第１偽陰性文献として、前記第２評価済サーチ文献については第２偽陰性文献として判断し、
前記出力ステップでは、前記第１偽陰性文献及び前記第２偽陰性文献についての前記文献データを出力する
ことを特徴とする請求項１又は請求項２に記載の評価済文献診断システム。
【請求項４】
  前記偽陰性文献判断ステップで判断される前記偽陰性文献が所定数以下である場合には、前記出力ステップでは、前記評価済サーチ文献群が適格であることを出力する
ことを特徴とする請求項１から請求項３のいずれか１項に記載の評価済文献診断システム。
【請求項５】
  前記文献を特許文献とした
ことを特徴とする請求項１から請求項４のいずれか１項に記載の評価済文献診断システム。",,,
特許6889453,特願2021-012050,2021/1/28,2021/6/18,特許情報分類編集システム,"アイ・ピー・ファイン株式会社,プライムアースＥＶエナジー株式会社","G06Q10/10,G06Q50/18,310,G06Q50/10",特開2022-115449,,特許6889453,,,特許 有効,年金の支払い,https://www.j-platpat.inpit.go.jp/c1801/PU/JP-2021-012050/10/ja,"【課題】特許情報管理システムにおける分類データや特許公報データを共有でき、更に分類ツリーの階層や分類を容易に変更できる特許情報分類編集システムを提供する。
【解決手段】データ変換部２１では、分類コードから管理コードを抽出し、ノードコード、上位ノードコード、ノード名、ノードコードに紐づけられた管理コードを、ノードデータとしてノードテーブル２２を作成し、管理コード別に、少なくとも案件識別番号を含むリーフ表示選択項目を、リーフデータとしてリーフテーブル２３を作成し、分類ツリー表示部２４では、ノード名とリーフ表示選択項目から選択されたリーフ名が、階層別に分類、表示され、表示処理部２６では、表示されているノード名がユーザによって、選択されて他のマップ位置に移動された場合、ノードテーブル２２において、そのノード名に対応する上位ノードコードを、他のマップ位置で属する新たな上位ノードコードに書き換える。","【請求項１】
  特許情報管理システムから、分類データ及び特許公報データを読み込み、
読み込んだ前記分類データ及び前記特許公報データを、データ変換部においてノードデータ及びリーフデータに変換し、
前記ノードデータ及び前記リーフデータを、分類ツリー表示部で表示し、
表示された分類ツリーにおける前記ノードデータ及び前記リーフデータのマップ位置変更を表示処理部で行う特許情報分類編集システムであって、
前記特許情報管理システムでは、
設定したテーマに基づいて収集した前記特許公報データを蓄積し、
蓄積した前記特許公報データの内容を評価し、
評価した結果を複数階層による分類に分けて表示でき、
前記分類データが、それぞれの前記分類に付与された分類名と、それぞれの前記分類名に付与された分類コードと、前記分類コードが属する上位分類コードとを有し、
前記特許公報データが、それぞれの特許公報に付与された案件識別番号と、それぞれの前記案件識別番号に付与された管理コードと、それぞれの前記特許公報が分類された前記分類コードとを有し、
前記データ変換部では、
それぞれの前記分類名を、それぞれのノード名とし、
前記分類コードを、それぞれの前記ノード名に付与されるノードコードとし、
前記上位分類コードを、それぞれの前記ノード名が属する上位ノードコードとし、
それぞれの前記管理コードに付与された前記分類コードから、前記ノードコードに紐づけられた前記管理コードを抽出し、
前記ノードコード、前記上位ノードコード、前記ノード名、及び前記ノードコードに紐づけられた前記管理コードを、前記ノードデータとしてノードテーブルを作成し、
それぞれの前記管理コード別に、少なくとも前記案件識別番号を含むリーフ表示選択項目を、前記リーフデータとしてリーフテーブルを作成し、
前記分類ツリー表示部では、
前記ノード名及び前記リーフ表示選択項目の中から選択されたリーフ名が、階層別に分類されて表示され、
前記表示処理部では、
表示されている前記ノード名がユーザによって選択され、選択された前記ノード名が他のマップ位置に前記ユーザによって移動された場合には、前記ノードテーブルにおいて、選択された前記ノード名に対応する前記上位ノードコードを、前記他のマップ位置において属することになる新たな上位ノードコードに書き換える
ことを特徴とする特許情報分類編集システム。
【請求項２】
  前記表示処理部では、
表示されている前記ノード名が前記ユーザによって選択され、選択された前記ノード名が他のマップ位置に前記ユーザによってコピーされた場合には、前記ノードテーブルにおいて、選択された前記ノード名に対応する前記ノードコードとして新たなコード番号を付与し、選択された前記ノード名に対応する前記上位ノードコードとして、前記他のマップ位置において属することになる新たな上位ノードコードを書き込む
ことを特徴とする請求項１に記載の特許情報分類編集システム。
【請求項３】
  前記表示処理部では、
表示されている前記リーフ名が前記ユーザによって選択され、選択された前記リーフ名が他のマップ位置に前記ユーザによって移動された場合には、前記ノードテーブルにおいて、選択された前記リーフ名が属する前記ノードコードに紐づけられた前記管理コードを、前記他のマップ位置において属することになる新たなノードコードに紐づけて書き換える
ことを特徴とする請求項１又は請求項２に記載の特許情報分類編集システム。
【請求項４】
  前記表示処理部では、
表示されている前記リーフ名が前記ユーザによって選択され、選択された前記リーフ名が他のマップ位置に前記ユーザによってコピーされた場合には、前記ノードテーブルにおいて、選択された前記リーフ名が属する前記ノードコードに紐づけられた前記管理コードを、前記他のマップ位置において属することになる新たなノードコードに紐づけて書き込む
ことを特徴とする請求項１から請求項３のいずれか１項に記載の特許情報分類編集システム。
【請求項５】
  前記分類ツリー表示部では、
前記リーフテーブルに書き込まれており前記ノードテーブルに書き込まれていない新たなリーフ名を表示でき、
前記表示処理部では、
表示されている前記新たなリーフ名が前記ユーザによって選択され、選択された前記新たなリーフ名が特定のマップ位置に前記ユーザによって移動された場合には、前記新たなリーフ名に対応する前記管理コードを、前記ノードテーブルにおいて、前記特定のマップ位置にある前記ノード名に対応する前記ノードコードに紐づけて書き込む
ことを特徴とする請求項１から請求項４のいずれか１項に記載の特許情報分類編集システム。
【請求項６】
  前記リーフデータとして、前記特許公報データとともに論文情報データやノウハウ情報データなどの技術情報データを含む
ことを特徴とする請求項１から請求項５のいずれか１項に記載の特許情報分類編集システム。",,,
特開2020-095303,特願2018-230568,2018/12/10,2020/6/18,特許調査支援方法,アイ・ピー・ファイン株式会社,"G06F17/30,220@Z,G06Q10/04,G06Q50/18,310,G06F16/20,G06F16/28,G06F16/35",特開2020-095303,,特許7246690,,,特許 有効,登録公報の発行,https://www.j-platpat.inpit.go.jp/c1801/PU/JP-2018-230568/10/ja,"【課題】第１の軸をサーチ確率、第２の軸をノイズ確率とする少なくとも２軸を有するグラフに表示されるプロットの散布状況を把握した上で評価対象案件データを選択できる特許調査支援方法を提供すること。
【解決手段】サーバーが、第１の軸（サーチ確率）、第２の軸（ノイズ確率）の少なくとも２軸を有するグラフ２１に未評価案件データをプロットで表示させる判定結果表示ステップ、サーチ対象案件とするサーチ条件と、ノイズ対象案件とするノイズ条件の少なくともいずれかを検索条件とする入力欄を表示し、検索条件の入力を促す検索条件入力ステップ、判定結果表示ステップで表示される未評価案件データの中から、検索条件入力ステップで入力された検索条件に合致する未評価案件データを抽出し、抽出された未評価案件データを、導かれたサーチ対象確率判定値及びノイズ対象確率判定値を基にグラフ２１に表示させる検索条件結果表示ステップを有する。","【請求項１】
  設定したテーマに基づく未評価案件データと、
前記テーマでは必要なサーチ対象案件であるとあらかじめ評価された第１群教師案件データと、
前記テーマでは不要なノイズ対象案件であるとあらかじめ評価された第２群教師案件データと
を特許情報データベースに蓄積し、
前記第１群教師案件データから抽出される第１特徴データを用いて前記未評価案件データについて導かれたサーチ対象確率判定値と、
前記第２群教師案件データから抽出される第２特徴データを用いて前記未評価案件データについて導かれたノイズ対象確率判定値と
を用いて、
前記未評価案件データの中から、新たに評価の対象とする評価対象案件データを抽出する特許調査支援方法であって、
サーバーが、
第１の軸をサーチ確率、第２の軸をノイズ確率とする少なくとも２軸を有するグラフに、導かれた前記サーチ対象確率判定値及び前記ノイズ対象確率判定値を基に前記未評価案件データをプロットで表示させる判定結果表示ステップと、
前記サーチ対象案件とするサーチ条件、及び前記ノイズ対象案件とするノイズ条件の少なくともいずれかを検索条件とする入力欄を表示することで、前記検索条件の入力を促す検索条件入力ステップと、
前記判定結果表示ステップで表示される前記未評価案件データの中から、前記検索条件入力ステップで入力された前記検索条件に合致する前記未評価案件データを抽出し、抽出された前記未評価案件データを、導かれた前記サーチ対象確率判定値及び前記ノイズ対象確率判定値を基に前記グラフに表示させる検索条件結果表示ステップと
を有する
ことを特徴とする特許調査支援方法。
【請求項２】
  前記判定結果表示ステップで表示される前記グラフに表示された前記プロットの中から一部の前記プロットの選択を促す評価対象案件選択ステップと、
前記評価対象案件選択ステップで選択された前記プロットに対応する前記未評価案件データを、前記評価対象案件データとして抽出する評価対象案件抽出ステップと
を有し、
前記評価対象案件選択ステップでは、前記グラフに領域指定部材を表示させ、前記領域指定部材を移動でき、前記領域指定部材で区分された一方の領域に位置する前記プロットに対応する前記未評価案件データが、前記評価対象案件データとして選択される
ことを特徴とする請求項１に記載の特許調査支援方法。
【請求項３】
  前記検索条件結果表示ステップで表示される前記グラフに表示された前記プロットの中から一部の前記プロットの選択を促す教師対象案件選択ステップと、
前記教師対象案件選択ステップで選択された前記プロットに対応する前記未評価案件データを、教師対象案件データとして抽出する教師対象案件抽出ステップと
を有し、
前記教師対象案件抽出ステップで抽出された前記教師対象案件データを、前記第１群教師案件データ又は前記第２群教師案件データに追加する
ことを特徴とする請求項１に記載の特許調査支援方法。
【請求項４】
  前記教師対象案件選択ステップでは、前記グラフに領域指定部材を表示させ、前記領域指定部材を移動でき、前記領域指定部材で区分された一方の領域に位置する前記プロット
に対応する前記未評価案件データが、前記教師対象案件データとして選択される
ことを特徴とする請求項３に記載の特許調査支援方法。
【請求項５】
  前記評価対象案件選択ステップでは、前記領域指定部材の角度を変更できる
ことを特徴とする請求項２に記載の特許調査支援方法。
【請求項６】
  前記教師対象案件選択ステップでは、前記領域指定部材の角度を変更できる
ことを特徴とする請求項３又は請求項４に記載の特許調査支援方法。
【請求項７】
  前記第１特徴データ及び前記第２特徴データを用いて、前記第１群教師案件データ及び前記第２群教師案件データについて、前記サーチ対象確率判定値及び前記ノイズ対象確率判定値を判定し、
前記判定結果表示ステップでは、前記未評価案件データとともに前記第１群教師案件データ及び前記第２群教師案件データを前記プロットで表示させる
ことを特徴とする請求項１から請求項６のいずれか１項に記載の特許調査支援方法。
【請求項８】
  前記第１特徴データ及び前記第２特徴データを用いて、前記第１群教師案件データ及び前記第２群教師案件データについて、前記サーチ対象確率判定値及び前記ノイズ対象確率判定値を判定し、
前記判定結果表示ステップでは、前記未評価案件データに代えて前記第１群教師案件データ及び前記第２群教師案件データを前記プロットで表示させる
ことを特徴とする請求項１から請求項６のいずれか１項に記載の特許調査支援方法。",,,
特開2019-207610,特願2018-103372,2018/5/30,2019/12/5,特許分類付与支援方法,アイ・ピー・ファイン株式会社,"G06F17/30,210@D,G06F17/30,170@A,G06F16/30,G06F16/35,G06Q50/18,310",特開2019-207610,,特許7066177,,,特許 有効,年金の支払い,https://www.j-platpat.inpit.go.jp/c1801/PU/JP-2018-103372/10/ja,"【課題】人工知能、アルゴリズム、又はあらかじめ設定された所定条件によって確率判定値が付与された未分類案件データの中から、分類付与対象案件データを決定する際の判断を容易とする特許分類付与支援方法を提供すること。
【解決手段】サーバーが、第１判定最高値、第２判定最高値、及び第３判定最高値を抽出する判定最高値抽出ステップと、第１判定最高値、第２判定最高値、及び第３判定最高値を表示させる判定結果表示ステップと、第１分類付与対象案件決定確率値、第２分類付与対象案件決定確率値、及び第３分類付与対象案件決定確率値の入力を促す分類付与対象案件決定ステップと、第１分類付与対象案件データ、第２分類付与対象案件データ、及び第３分類付与対象案件データを抽出する分類付与対象案件抽出ステップとを有することを特徴とする。","【請求項１】
  設定したテーマに基づく未分類案件データと、
前記テーマにおける第１分類として必要な第１分類対象案件であるとあらかじめ評価された第１群教師案件データと、
前記テーマにおける第２分類として必要な第２分類対象案件であるとあらかじめ評価された第２群教師案件データと、
前記テーマにおける第３分類として必要な第３分類対象案件であるとあらかじめ評価された第３群教師案件データと、
を特許情報データベースに蓄積し、
前記第１群教師案件データから抽出される第１特徴データを用いて前記未分類案件データについて導かれた第１分類付与対象確率判定値と、
前記第２群教師案件データから抽出される第２特徴データを用いて前記未分類案件データについて導かれた第２分類付与対象確率判定値と、
前記第３群教師案件データから抽出される第３特徴データを用いて前記未分類案件データについて導かれた第３分類付与対象確率判定値と、
を用いて、
前記未分類案件データの中から、前記第１分類に分類される第１分類付与対象案件データ、前記第２分類に分類される第２分類付与対象案件データ、及び前記第３分類に分類される第３分類付与対象案件データを抽出する特許分類付与支援方法であって、
サーバーが、
全ての前記第１分類付与対象確率判定値の中で最も高い第１判定最高値と、全ての前記第２分類付与対象確率判定値の中で最も高い第２判定最高値と、全ての前記第３分類付与対象確率判定値の中で最も高い第３判定最高値とを抽出する判定最高値抽出ステップと、
前記判定最高値抽出ステップで抽出する前記第１判定最高値、前記第２判定最高値、及び前記第３判定最高値を表示させる判定結果表示ステップと、
前記判定結果表示ステップにおいて、前記第１分類付与対象案件データとして抽出する第１分類付与対象案件決定確率値、前記第２分類付与対象案件データとして抽出する第２分類付与対象案件決定確率値、及び前記第３分類付与対象案件データとして抽出する第３分類付与対象案件決定確率値の入力を促す分類付与対象案件決定ステップと、
前記第１分類付与対象案件決定確率値を満たす前記未分類案件データを前記第１分類付与対象案件データとして、前記第２分類付与対象案件決定確率値を満たす前記未分類案件データを前記第２分類付与対象案件データとして、前記第３分類付与対象案件決定確率値を満たす前記未分類案件データを前記第３分類付与対象案件データとして抽出する分類付与対象案件抽出ステップと
を有する
ことを特徴とする特許分類付与支援方法。
【請求項２】
  前記判定結果表示ステップでは、
第１の軸を分類付与対象確率とし、第２の軸を前記第１分類、前記第２分類、及び前記第３分類とする少なくとも２軸を有するグラフであって、前記第１判定最高値、前記第２判定最高値、及び前記第３判定最高値による棒グラフで表示し、
前記分類付与対象案件決定ステップでは、
前記グラフに確率値指定部材を表示させ、前記確率値指定部材を移動でき、前記確率値指定部材の位置によって、前記第１分類付与対象案件決定確率値、前記第２分類付与対象案件決定確率値、及び前記第３分類付与対象案件決定確率値が決定される
ことを特徴とする請求項１に記載の特許分類付与支援方法。
【請求項３】
  前記分類付与対象案件決定ステップでは、
前記第１分類付与対象案件データ、前記第２分類付与対象案件データ、及び前記第３分類
付与対象案件データのいずれかとして抽出される分類付与対象案件データ数と、
前記第１分類付与対象案件データ、前記第２分類付与対象案件データ、及び前記第３分類付与対象案件データのいずれにも抽出されない分類付与非対象案件データ数と
を前記確率値指定部材の前記位置に応じて表示する
ことを特徴とする請求項２に記載の特許分類付与支援方法。
【請求項４】
  前記分類付与対象案件決定ステップで前記グラフに表示させる前記確率値指定部材として、
前記第１分類付与対象案件決定確率値、前記第２分類付与対象案件決定確率値、及び前記第３分類付与対象案件決定確率値を同一の値で決定する一括確率値指定部材と、
前記第１分類付与対象案件決定確率値、前記第２分類付与対象案件決定確率値、及び前記第３分類付与対象案件決定確率値のいずれか一つの値を決定する個別確率値指定部材と
を有する
ことを特徴とする請求項２又は請求項３に記載の特許分類付与支援方法。
【請求項５】
  前記分類付与対象案件決定ステップでは、
前記第１分類付与対象案件データとして抽出される第１分類付与対象案件データ数と、
前記第２分類付与対象案件データとして抽出される第２分類付与対象案件データ数と、
前記第３分類付与対象案件データとして抽出される第３分類付与対象案件データ数と
を前記確率値指定部材の前記位置に応じて表示する
ことを特徴とする請求項２から請求項４のいずれか１項に記載の特許分類付与支援方法。
【請求項６】
  前記分類付与対象案件決定ステップでは、
前記第１分類付与対象案件データについて、文章中に含まれるキーワードを集計し、
前記第１分類付与対象案件データについて、含まれる数の多い順序で前記キーワードを表示し、
前記第２分類付与対象案件データについて、文章中に含まれるキーワードを集計し、
前記第２分類付与対象案件データについて、含まれる数の多い順序で前記キーワードを表示し、
前記第３分類付与対象案件データについて、文章中に含まれるキーワードを集計し、
前記第３分類付与対象案件データについて、含まれる数の多い順序で前記キーワードを表示する
ことを特徴とする請求項１から請求項５のいずれか１項に記載の特許分類付与支援方法。
【請求項７】
  前記サーバーが、前記分類付与対象案件抽出ステップで抽出された前記第１分類付与対象案件データ、前記第２分類付与対象案件データ、及び前記第３分類付与対象案件データを出力する分類付与対象案件出力ステップを有することを特徴とする請求項１から請求項６のいずれか１項に記載の特許分類付与支援方法。",,,
特開2019-139751,特願2018-232208,2018/12/12,2019/8/22,特許調査支援方法,アイ・ピー・ファイン株式会社,"G06Q50/18,310,G06F17/30,320@A,G06F17/30,350@C,G06F16/9032",特開2019-139751,,特許7051105,,,特許 有効,年金の支払い,https://www.j-platpat.inpit.go.jp/c1801/PU/JP-2018-232208/10/ja,"【課題】第１の軸をサーチ確率、第２の軸をノイズ確率とする少なくとも２軸を有するグラフに表示されるプロットの散布状況を把握した上で評価対象案件データを選択できる特許調査支援方法を提供すること。
【解決手段】特許庁さ支援方法は、第１の軸をサーチ確率、第２の軸をノイズ確率とする少なくとも２軸を有するグラフに未評価案件をプロットで表示させる判定結果表示ステップと、グラフに表示されたプロットの中から一部のプロットの選択を促す評価対象案件選択ステップと、選択されたプロットに対応する未評価案件を、評価対象案件として抽出する評価対象案件抽出ステップとを有し、評価対象案件選択ステップでは、グラフに領域指定部材を表示させ、領域指定部材で区分された一方の領域に位置するプロットに対応する未評価案件を評価対象案件データとして抽出するステップとを含む。","【請求項１】
  設定したテーマに基づく未評価案件データと、
前記テーマでは必要なサーチ対象案件であるとあらかじめ評価された第１群教師案件データと、
前記テーマでは不要なノイズ対象案件であるとあらかじめ評価された第２群教師案件データと
を特許情報データベースに蓄積し、
前記第１群教師案件データから抽出される第１特徴データを用いて前記未評価案件データについて導かれたサーチ対象確率判定値と、
前記第２群教師案件データから抽出される第２特徴データを用いて前記未評価案件データについて導かれたノイズ対象確率判定値と
を用いて、
前記未評価案件データの中から、新たに評価の対象とする評価対象案件データを抽出する特許調査支援方法であって、
サーバーが、
第１の軸をサーチ確率、第２の軸をノイズ確率とする少なくとも２軸を有するグラフに、導かれた前記サーチ対象確率判定値及び前記ノイズ対象確率判定値を基に前記未評価案件データをプロットで表示させる判定結果表示ステップと、
前記判定結果表示ステップで表示される前記グラフに表示された前記プロットの中から一部の前記プロットの選択を促す評価対象案件選択ステップと、
前記評価対象案件選択ステップで選択された前記プロットに対応する前記未評価案件データを、前記評価対象案件データとして抽出する評価対象案件抽出ステップと
を有し、
前記評価対象案件選択ステップでは、前記グラフに領域指定部材を表示させ、前記領域指定部材を移動でき、前記領域指定部材で区分された一方の領域に位置する前記プロットに対応する前記未評価案件データが、前記評価対象案件データとして選択される
ことを特徴とする特許調査支援方法。
【請求項２】
  前記評価対象案件選択ステップでは、前記領域指定部材の角度を変更できる
ことを特徴とする請求項１に記載の特許調査支援方法。
【請求項３】
  前記評価対象案件選択ステップでは、
前記領域指定部材で区分された一方の前記領域に位置する前記プロットの数を、評価対象案件データ数として表示する
ことを特徴とする請求項１又は請求項２に記載の特許調査支援方法。
【請求項４】
  前記評価対象案件選択ステップで前記グラフに表示させる前記領域指定部材として、
サーチ対象とする前記評価対象案件データを、サーチ対象案件データとして区分する第１領域指定部材と、
ノイズ対象とする前記評価対象案件データを、ノイズ対象案件データとして区分する第２領域指定部材と
を有し、
前記第１領域指定部材で区分された一方の前記領域に位置する前記プロットに対応する前記未評価案件データが、前記サーチ対象案件データとして選択され、
前記第１領域指定部材で区分された他方の領域に位置するとともに前記第１領域指定部材で区分された一方の前記領域に位置する前記プロットに対応する前記未評価案件データが、判定不能対象とする判定不能対象案件データとして選択され、
前記第２領域指定部材で区分された他方の領域に位置する前記プロットに対応する前記未評価案件データが、前記ノイズ対象案件データとして選択される
ことを特徴とする請求項１又は請求項２に記載の特許調査支援方法。
【請求項５】
  前記評価対象案件選択ステップでは、
前記第１領域指定部材で区分された一方の前記領域に位置する前記プロットの数を、サーチ対象案件データ数として表示し、
前記第１領域指定部材で区分された他方の前記領域に位置するとともに前記第２領域指定部材で区分された一方の前記領域に位置する前記プロットの数を、判定不能対象案件データ数として表示し、
前記第２領域指定部材で区分された他方の前記領域に位置する前記プロットの数を、ノイズ対象案件データ数として表示する
ことを特徴とする請求項４に記載の特許調査支援方法。
【請求項６】
  前記評価対象案件選択ステップでは、
選択された前記評価対象案件データについて付与されている技術分類を集計し、
前記評価対象案件データについて、付与数の多い順序で前記技術分類を表示する
ことを特徴とする請求項１から請求項３のいずれか１項に記載の特許調査支援方法。
【請求項７】
  前記評価対象案件選択ステップでは、
選択された前記サーチ対象案件データについて付与されている技術分類を集計し、
前記サーチ対象案件データについて、付与数の多い順序で前記技術分類を表示し、
選択された前記ノイズ対象案件データについて付与されている技術分類を集計し、
前記ノイズ対象案件データについて、付与数の多い順序で前記技術分類を表示する
ことを特徴とする請求項４又は請求項５に記載の特許調査支援方法。
【請求項８】
  前記評価対象案件選択ステップでは、
選択された前記評価対象案件データについて、文章中に含まれるキーワードを集計し、
前記評価対象案件データについて、含まれる数の多い順序で前記キーワードを表示する
ことを特徴とする請求項１、請求項２、及び請求項４のいずれか１項に記載の特許調査支援方法。
【請求項９】
  前記評価対象案件選択ステップでは、
選択された前記サーチ対象案件データについて、文章中に含まれるキーワードを集計し、
前記サーチ対象案件データについて、含まれる数の多い順序で前記キーワードを表示し、
選択された前記ノイズ対象案件データについて、文章中に含まれるキーワードを集計し、
前記ノイズ対象案件データについて、含まれる数の多い順序で前記キーワードを表示する
ことを特徴とする請求項４又は請求項５に記載の特許調査支援方法。
【請求項１０】
  前記サーバーが、前記評価対象案件抽出ステップで抽出された前記評価対象案件データを出力する評価対象案件出力ステップを有することを特徴とする請求項１に記載の特許調査支援方法。
【請求項１１】
  前記評価対象案件出力ステップでは、少なくとも前記サーチ対象確率判定値及び又は前記ノイズ対象確率判定値を出力することを特徴とする請求項１０に記載の特許調査支援方法。",,,
特許6453502,特願2018-018771,2018/2/6,2019/1/16,特許調査支援方法,アイ・ピー・ファイン株式会社,"G06Q50/18,310,G06F17/30,170@A,G06F17/30,350@C,G06F17/30,360@Z,G06F16/33,G06F16/338,G06F16/34",特開2019-139263,,特許6453502,,,特許 有効,年金の支払い,https://www.j-platpat.inpit.go.jp/c1801/PU/JP-2018-018771/10/ja,"【課題】人工知能、アルゴリズム、又はあらかじめ設定された所定条件によって確率判定値が付与された未評価案件データの中から、評価対象案件データを選択する際の判断を容易とする特許調査支援方法を提供すること。
【解決手段】サーバーが、第１の軸をサーチ確率、第２の軸をノイズ確率とする少なくとも２軸を有するグラフ２１に未評価案件データをプロットで表示させる判定結果表示ステップと、グラフ２１に表示されたプロットの中から一部のプロットの選択を促す評価対象案件選択ステップと、選択されたプロットに対応する未評価案件データを、評価対象案件データとして抽出する評価対象案件抽出ステップとを有し、評価対象案件選択ステップでは、グラフ２１に領域指定部材３１、３２を表示させ、領域指定部材３１、３２で区分された一方の領域に位置するプロットに対応する未評価案件データを、評価対象案件データとして抽出する。","【請求項１】
  設定したテーマに基づく未評価案件データと、
前記テーマでは必要なサーチ対象案件であるとあらかじめ評価された第１群教師案件データと、
前記テーマでは不要なノイズ対象案件であるとあらかじめ評価された第２群教師案件データと
を特許情報データベースに蓄積し、
前記第１群教師案件データから抽出される第１特徴データを用いて前記未評価案件データについて導かれたサーチ対象確率判定値と、
前記第２群教師案件データから抽出される第２特徴データを用いて前記未評価案件データについて導かれたノイズ対象確率判定値と
を用いて、
前記未評価案件データの中から、新たに評価の対象とする評価対象案件データを抽出する特許調査支援方法であって、
サーバーが、
第１の軸をサーチ確率、第２の軸をノイズ確率とする少なくとも２軸を有するグラフに、導かれた前記サーチ対象確率判定値及び前記ノイズ対象確率判定値を基に前記未評価案件データをプロットで表示させる判定結果表示ステップと、
前記判定結果表示ステップで表示される前記グラフに表示された前記プロットの中から一部の前記プロットの選択を促す評価対象案件選択ステップと、
前記評価対象案件選択ステップで選択された前記プロットに対応する前記未評価案件データを、前記評価対象案件データとして抽出する評価対象案件抽出ステップと
を有し、
前記評価対象案件選択ステップでは、前記グラフに領域指定部材を表示させ、前記領域指定部材を移動でき、前記領域指定部材で区分された一方の領域に位置する前記プロットに対応する前記未評価案件データが、前記評価対象案件データとして選択される
ことを特徴とする特許調査支援方法。
【請求項２】
  前記評価対象案件選択ステップでは、前記領域指定部材の角度を変更できる
ことを特徴とする請求項１に記載の特許調査支援方法。
【請求項３】
  前記評価対象案件選択ステップでは、
前記領域指定部材で区分された一方の前記領域に位置する前記プロットの数を、評価対象案件データ数として表示する
ことを特徴とする請求項１又は請求項２に記載の特許調査支援方法。
【請求項４】
  前記評価対象案件選択ステップで前記グラフに表示させる前記領域指定部材として、
サーチ対象とする前記評価対象案件データを、サーチ対象案件データとして区分する第１領域指定部材と、
ノイズ対象とする前記評価対象案件データを、ノイズ対象案件データとして区分する第２領域指定部材と
を有し、
前記第１領域指定部材で区分された一方の前記領域に位置する前記プロットに対応する前記未評価案件データが、前記サーチ対象案件データとして選択され、
前記第１領域指定部材で区分された他方の領域に位置するとともに前記第１領域指定部材で区分された一方の前記領域に位置する前記プロットに対応する前記未評価案件データが、判定不能対象とする判定不能対象案件データとして選択され、
前記第２領域指定部材で区分された他方の領域に位置する前記プロットに対応する前記未評価案件データが、前記ノイズ対象案件データとして選択される
ことを特徴とする請求項１又は請求項２に記載の特許調査支援方法。
【請求項５】
  前記評価対象案件選択ステップでは、
前記第１領域指定部材で区分された一方の前記領域に位置する前記プロットの数を、サーチ対象案件データ数として表示し、
前記第１領域指定部材で区分された他方の前記領域に位置するとともに前記第２領域指定部材で区分された一方の前記領域に位置する前記プロットの数を、判定不能対象案件データ数として表示し、
前記第２領域指定部材で区分された他方の前記領域に位置する前記プロットの数を、ノイズ対象案件データ数として表示する
ことを特徴とする請求項４に記載の特許調査支援方法。
【請求項６】
  前記評価対象案件選択ステップでは、
選択された前記評価対象案件データについて付与されている技術分類を集計し、
前記評価対象案件データについて、付与数の多い順序で前記技術分類を表示する
ことを特徴とする請求項１から請求項３のいずれか１項に記載の特許調査支援方法。
【請求項７】
  前記評価対象案件選択ステップでは、
選択された前記サーチ対象案件データについて付与されている技術分類を集計し、
前記サーチ対象案件データについて、付与数の多い順序で前記技術分類を表示し、
選択された前記ノイズ対象案件データについて付与されている技術分類を集計し、
前記ノイズ対象案件データについて、付与数の多い順序で前記技術分類を表示する
ことを特徴とする請求項４又は請求項５に記載の特許調査支援方法。
【請求項８】
  前記評価対象案件選択ステップでは、
選択された前記評価対象案件データについて、文章中に含まれるキーワードを集計し、
前記評価対象案件データについて、含まれる数の多い順序で前記キーワードを表示する
ことを特徴とする請求項１、請求項２、及び請求項４のいずれか１項に記載の特許調査支援方法。
【請求項９】
  前記評価対象案件選択ステップでは、
選択された前記サーチ対象案件データについて、文章中に含まれるキーワードを集計し、
前記サーチ対象案件データについて、含まれる数の多い順序で前記キーワードを表示し、
選択された前記ノイズ対象案件データについて、文章中に含まれるキーワードを集計し、
前記ノイズ対象案件データについて、含まれる数の多い順序で前記キーワードを表示する
ことを特徴とする請求項４又は請求項５に記載の特許調査支援方法。
【請求項１０】
  前記サーバーが、前記評価対象案件抽出ステップで抽出された前記評価対象案件データを出力する評価対象案件出力ステップを有することを特徴とする請求項１に記載の特許調査支援方法。
【請求項１１】
  前記評価対象案件出力ステップでは、少なくとも前記サーチ対象確率判定値及び又は前記ノイズ対象確率判定値を出力することを特徴とする請求項１０に記載の特許調査支援方法。",,,
特開2016-207071,特願2015-090387,2015/4/27,2016/12/8,情報処理装置,アイ・ピー・ファイン株式会社,"G06F17/21,610,G06F17/27,680,G06F3/048,656@C,G06F17/22,641,G06F3/048,654@D,G06F3/048,G06F17/21,620,G06F40/20,G06F40/295,G06F40/10,G06F40/103,G06F40/106,G06F40/12,G06F40/137",特開2016-207071,,特許6604024,,,特許 有効,年金の支払い,https://www.j-platpat.inpit.go.jp/c1801/PU/JP-2015-090387/10/ja,"【課題】特に長文の特許情報データに対してチェックしたい文だけを確認できる情報処理装置を提供すること。
【解決手段】本発明の情報処理装置は、処理手段４０には、内容判別文字検索部４１と、ハイライト表示処理部４２と、文章区切り判別部４３と、表示判断部４４と、非表示設定部４５とを有し、前記表示手段３０では、前記案件データ別に、前記ハイライト付与文字が含まれていると前記表示判断部４４で判断した前記段落記号で区分けされた前記文を表示するとともに、前記ハイライト表示処理部４２で着色を付与された前記ハイライト付与文字を表示することを特徴とする。","【請求項１】
  設定したテーマに基づく案件データを収集した特許情報データを特許情報データベースに蓄積し、着色を付与したい内容判別文字を入力手段から入力し、前記内容判別文字に対して前記着色を付与して前記特許情報データを表示手段で表示する情報処理装置であって、
処理手段には、
前記案件データ別に、前記内容判別文字を含むか否かを検索する内容判別文字検索部と、
前記内容判別文字に対しては前記着色を付与してハイライト付与文字として表示するハイライト表示処理部と、
前記特許情報データに含まれている段落記号を判別する文章区切り判別部と、
前記段落記号で区分けされた文に前記ハイライト付与文字が含まれているか否かを判断する表示判断部と、
前記ハイライト付与文字が含まれていないと前記表示判断部で判断した前記段落記号で区分けされた前記文を非表示とする非表示設定部と
を有し、
前記表示手段では、
前記案件データ別に、前記ハイライト付与文字が含まれていると前記表示判断部で判断した前記段落記号で区分けされた前記文を表示するとともに、前記ハイライト表示処理部で前記着色を付与された前記ハイライト付与文字を表示する
ことを特徴とする情報処理装置。
【請求項２】
  前記入力手段では、
前記内容判別文字として、少なくとも第１内容判別文字と第２内容判別文字とを入力でき、
前記第１内容判別文字に対しては、前記着色として第１着色を指定でき、前記第２内容判別文字に対しては、前記着色として第２着色を指定でき、
前記ハイライト表示処理部では、
前記第１内容判別文字に対しては前記第１着色を付与した第１ハイライト付与文字とし、前記第２内容判別文字に対しては前記第２着色を付与した第２ハイライト付与文字とし、
前記非表示設定部では、
前記表示判断部において、前記第１ハイライト付与文字および前記第２ハイライト付与文字のいずれも含まれていないと判断した前記段落記号で区分けされた前記文を非表示とすることを特徴とする請求項１に記載の情報処理装置。
【請求項３】
  前記入力手段では、
前記内容判別文字として、少なくとも第１内容判別文字と第２内容判別文字とを入力でき、
前記第１内容判別文字に対しては、前記着色として第１着色を指定でき、前記第２内容判別文字に対しては、前記着色として第２着色を指定でき、
前記ハイライト表示処理部では、
前記第１内容判別文字に対しては前記第１着色を付与した第１ハイライト付与文字とし、前記第２内容判別文字に対しては前記第２着色を付与した第２ハイライト付与文字とし、
前記非表示設定部では、
前記表示判断部において、前記第１ハイライト付与文字および前記第２ハイライト付与文字のいずれも含まれていないか、前記第１ハイライト付与文字および前記第２ハイライト付与文字のいずれかしか含まれていないと判断した前記段落記号で区分けされた前記文を非表示とすることを特徴とする請求項１に記載の情報処理装置。
【請求項４】
  前記表示手段では、
前記表示判断部において、前記ハイライト付与文字が含まれていると判断した前記段落記号で区分けされた前記文を表示するとともに、表示する前記段落記号の前後いずれかの前記段落記号で区分けされた前記文を表示する
ことを特徴とする請求項１に記載の情報処理装置。
【請求項５】
  句点によって分けられた文が複数含まれ、まとまった思想、感情、またはテーマを表現した文章データに対し、着色を付与したい内容判別文字を入力手段から入力し、前記内容判別文字に対して前記着色を付与して前記文章データを表示手段で表示する情報処理装置であって、
処理手段には、
前記文章データに前記内容判別文字を含むか否かを検索する内容判別文字検索部と、
前記内容判別文字に対しては前記着色を付与してハイライト付与文字として表示するハイライト表示処理部と、
前記文章データに含まれている、前記句点、改行、行間、および罫線のいずれかを文章区分として段落記号を付与する文章区切り部と、
前記文章区切り部で付与した前記段落記号を判別する文章区切り判別部と、
前記段落記号で区分けされた前記文に前記ハイライト付与文字が含まれているか否かを判断する表示判断部と、
前記ハイライト付与文字が含まれていないと前記表示判断部で判断した前記文章区分で区分けされた前記文を非表示とする非表示設定部と
を有し、
前記表示手段では、
前記ハイライト付与文字が含まれていると前記表示判断部で判断した前記文章区分で区分けされた前記文を表示するとともに、前記ハイライト表示処理部で前記着色を付与された前記ハイライト付与文字を表示する
ことを特徴とする情報処理装置。
【請求項６】
  句点によって分けられた文が複数含まれ、まとまった思想、感情、またはテーマを表現した文章データに対し、着色を付与したい内容判別文字を入力手段から入力し、前記内容判別文字に対して前記着色を付与して前記文章データを表示手段で表示する情報処理装置であって、
処理手段には、
前記文章データに前記内容判別文字を含むか否かを検索する内容判別文字検索部と、
前記内容判別文字に対しては前記着色を付与してハイライト付与文字として表示するハイライト表示処理部と、
前記文章データに含まれている、前記句点、改行、行間、罫線、および段落記号のいずれかによって文章区分を判別する文章区切り判別部と、
前記文章区分で区分けされた前記文に前記ハイライト付与文字が含まれているか否かを判断する表示判断部と、
前記ハイライト付与文字が含まれていないと前記表示判断部で判断した前記文章区分で区分けされた前記文を非表示とする非表示設定部と
を有し、
前記表示手段では、
前記ハイライト付与文字が含まれていると前記表示判断部で判断した前記文章区分で区分けされた前記文を表示するとともに、前記ハイライト表示処理部で前記着色を付与された前記ハイライト付与文字を表示する
ことを特徴とする情報処理装置。
【請求項７】
  前記処理手段には、
前記非表示設定部で非表示とした前記文を、前記入力手段からの表示指示によって表示さ
せる非表示解除部を有し、
前記表示手段では、
前記非表示解除部で表示指示された前記文を表示する
ことを特徴とする請求項１、請求項５、および請求項６のいずれかに記載の情報処理装置。",,,
特許5703399,特願2014-007999,2014/1/20,2015/4/15,特許情報処理装置,アイ・ピー・ファイン株式会社,"G06F3/048,651@A,G06F3/048,654@D,G06F3/048,656@C,G06F17/30,170@Z,G06F3/048,G06F16/00",特開2015-138288,,特許5703399,,,特許 有効,年金の支払い,https://www.j-platpat.inpit.go.jp/c1801/PU/JP-2014-007999/10/ja,"【課題】異なる条件として複数のハイライト文字を入力した場合に、これらの条件をどの程度満たすかがハイライト付与率として表示される特許情報処理装置を提供すること。
【解決手段】本発明の特許情報処理装置は、処理手段４０には、ハイライト付与文字検索部４１と、ハイライト付与率演算部４２と、ハイライト表示処理部４４とを有し、表示手段３０では、案件データ別に、ハイライト表示処理部４４で付与された着色を表示するとともに、ハイライト付与率演算部４２で演算されたハイライト付与率を表示することを特徴とする。","【請求項１】
  設定したテーマに基づく案件データを収集した特許情報データを蓄積し、着色を付与したいハイライト付与文字を入力手段から入力し、前記ハイライト付与文字に対して前記着色を付与して前記特許情報データを表示し、
前記ハイライト付与文字として、少なくとも第１ハイライト付与文字と第２ハイライト付与文字とを入力でき、
前記第１ハイライト付与文字に対しては、前記着色として第１着色を指定でき、
前記第２ハイライト付与文字に対しては、前記着色として第２着色を指定できる特許情報処理装置であって、
処理手段には、
前記案件データ別に、前記第１ハイライト付与文字及び前記第２ハイライト付与文字を含むか否かを検索するハイライト付与文字検索部と、
前記案件データ別に、前記ハイライト付与文字を全く含まないか、前記第１ハイライト付与文字だけを含むか、前記第２ハイライト付与文字だけを含むか、又は前記第１ハイライト付与文字及び前記第２ハイライト付与文字を含むかによるハイライト付与率を演算するハイライト付与率演算部と、
前記第１ハイライト付与文字に対しては前記第１着色を付与し、前記第２ハイライト付与文字に対しては前記第２着色を付与するハイライト表示処理部と
を有し、
表示手段では、前記案件データ別に、前記ハイライト表示処理部で付与された前記着色を表示するとともに、前記ハイライト付与率演算部で演算された前記ハイライト付与率を表示することを特徴とする特許情報処理装置。
【請求項２】
  前記入力手段では、前記第１ハイライト付与文字と前記第２ハイライト付与文字との重み付けを指定でき、
前記処理手段には、前記重み付けが指定されている場合には、前記ハイライト付与率演算部での前記ハイライト付与率の演算にあたって、指定された前記重み付けの処理を行う重み付け処理部を有することを特徴とする請求項１に記載の特許情報処理装置。
【請求項３】
  前記第１ハイライト付与文字及び前記第２ハイライト付与文字は、それぞれが複数の異なる文字を択一的条件で入力できるとともに、前記ハイライト付与文字としてＦＩ及びＦタームを入力できることを特徴とする請求項１又は請求項２に記載の特許情報処理装置。
【請求項４】
  設定したテーマに基づく案件データを収集した特許情報データを蓄積し、着色を付与したいハイライト付与文字を入力手段から入力し、前記ハイライト付与文字に対して前記着色を付与して前記特許情報データを表示し、
前記入力手段では、少なくとも第１論理式と第２論理式とを入力でき、
前記第１論理式に対しては、
前記ハイライト付与文字として、少なくとも第１ハイライト付与文字と第２ハイライト付与文字とを入力でき、
前記第１ハイライト付与文字に対しては、前記着色として第１着色を指定でき、
前記第２ハイライト付与文字に対しては、前記着色として第２着色を指定でき、
前記第２論理式に対しては、
前記ハイライト付与文字として、少なくとも第３ハイライト付与文字と第４ハイライト付与文字とを入力でき、
前記第３ハイライト付与文字に対しては、前記着色として第３着色を指定でき、
前記第４ハイライト付与文字に対しては、前記着色として第４着色を指定できる特許情報処理装置であって、
処理手段には、ハイライト付与文字検索部と、ハイライト付与率演算部と、ハイライト表
示処理部と、ソート処理部とを有し、
前記ハイライト付与文字検索部では、
前記第１論理式に対して、前記案件データ別に、前記第１ハイライト付与文字及び前記第２ハイライト付与文字を含むか否かを検索し、
前記第２論理式に対して、前記案件データ別に、前記第３ハイライト付与文字及び前記第４ハイライト付与文字を含むか否かを検索し、
前記ハイライト付与率演算部では、
前記第１論理式に対して、前記案件データ別に、前記ハイライト付与文字を全く含まないか、前記第１ハイライト付与文字だけを含むか、前記第２ハイライト付与文字だけを含むか、又は前記第１ハイライト付与文字及び前記第２ハイライト付与文字を含むかによる第１論理式ハイライト付与率を演算し、
前記第２論理式に対して、前記案件データ別に、前記ハイライト付与文字を全く含まないか、前記第３ハイライト付与文字だけを含むか、前記第４ハイライト付与文字だけを含むか、又は前記第３ハイライト付与文字及び前記第４ハイライト付与文字を含むかによる第２論理式ハイライト付与率を演算し、
前記ハイライト表示処理部では、
前記第１ハイライト付与文字に対しては前記第１着色を付与し、前記第２ハイライト付与文字に対しては前記第２着色を付与し、前記第３ハイライト付与文字に対しては前記第３着色を付与し、前記第４ハイライト付与文字に対しては前記第４着色を付与し、
前記ソート処理部では、
前記案件データ別に付与された前記第１論理式ハイライト付与率と前記第２論理式ハイライト付与率とを比較して、数値の大きい付与率を前記案件データのハイライト付与率として選択し、前記特許情報データについて、選択された前記ハイライト付与率によって前記案件データを並べ替えることを特徴とする特許情報処理装置。
【請求項５】
  前記入力手段では、
前記第１論理式に対しては、
前記第１ハイライト付与文字と前記第２ハイライト付与文字との重み付けを指定でき、
前記第２論理式に対しては、
前記第３ハイライト付与文字と前記第４ハイライト付与文字との重み付けを指定でき、
前記処理手段には重み付け処理部を有し、
前記重み付け処理部では、
前記第１論理式に対して前記重み付けが指定されている場合には、前記ハイライト付与率演算部での前記第１論理式ハイライト付与率の演算にあたって、前記第１論理式で指定された前記重み付けの処理を行い、
前記第２論理式に対して前記重み付けが指定されている場合には、前記ハイライト付与率演算部での前記第２論理式ハイライト付与率の演算にあたって、前記第２論理式で指定された前記重み付けの処理を行うことを特徴とする請求項４に記載の特許情報処理装置。
【請求項６】
  前記第１ハイライト付与文字、前記第２ハイライト付与文字、前記第３ハイライト付与文字、及び前記第４ハイライト付与文字は、それぞれが複数の異なる文字を択一的条件で入力できるとともに、前記ハイライト付与文字としてＦＩ及びＦタームを入力できることを特徴とする請求項４又は請求項５に記載の特許情報処理装置。",,,
特開2011-003183,特願2010-112084,2010/5/14,2011/1/6,特許情報処理装置,アイ・ピー・ファイン株式会社,"G06F17/30,170@Z,G06F17/30,320@B,G06F17/30,360@Z,G06F17/30,370@Z,G06F17/60,154,G06Q50/00,100,G06Q50/00,G06F16/9032,G06F16/9038,G06F16/904",特開2011-003183,,特許5548517,,,特許 有効,年金の支払い,https://www.j-platpat.inpit.go.jp/c1801/PU/JP-2010-112084/10/ja,"【課題】特許公報に関する評価情報を共有化でき、全体の進捗状況を的確に把握できるとともに、継続的な評価処理を迅速的確に行うことができる特許情報処理装置を提供すること。
【解決手段】第１の表示条件と第２の表示条件を決定する表示条件決定部１１と、案件データを、決定された第１の表示条件に基づくキー情報別に、該当する案件データのキー情報別総件数と、該当する案件データで既に評価データが付与されたキー情報別評価済件数とを抽出する仮想ファイル生成部１２と、仮想ファイル生成部１２で抽出したキー情報別総件数及びキー情報別評価済件数を基に、評価進捗率又は未評価件数を算出するマトリクス画面編集処理部１３と、決定された第１の表示条件に基づくキー情報別に、評価条件決定部で決定された第２の表示条件に基づいて、マトリクス画面編集処理部１３で算出された評価進捗率又は未評価件数の表示データを生成するマトリクス表示データ記憶部１４とを備える。","【請求項１】
  設定したテーマに基づいて収集した特許公報データを蓄積し、蓄積した前記特許公報データの内容を評価し、評価結果を前記特許公報データと関連づけて蓄積する特許情報処理装置であって、
利用者により設定される表示条件に基づいて、第１の表示条件と第２の表示条件を決定する表示条件決定部と、
前記利用者により設定される前記テーマに属する案件データを、決定された前記第１の表示条件に基づくキー情報別に、該当する前記案件データのキー情報別総件数と、該当する前記案件データで既に評価データが付与されたキー情報別評価済件数とを抽出する仮想ファイル生成部と、
前記仮想ファイル生成部で抽出した前記キー情報別総件数及び前記キー情報別評価済件数を基に、評価進捗率又は未評価件数を算出するマトリクス画面編集処理部と、
決定された前記第１の表示条件に基づくキー情報別に、前記評価条件決定部で決定された前記第２の表示条件に基づいて、前記マトリクス画面編集処理部で算出された前記評価進捗率又は前記未評価件数の表示データを生成するマトリクス表示データ記憶部と、
を備え、
前記第２の表示条件が、出願年度、公開年度、及び登録年度のいずれかを選択する第１の選択条件と、前記評価進捗率及び前記未評価件数のいずれかを選択する第２の選択条件とからなり、
前記仮想ファイル生成部では、出願年度、公開年度、及び登録年度別に、前記キー情報別総件数と前記キー情報別評価済件数とが抽出され、
前記第１の表示条件が変更された場合には、変更された前記第１の表示条件に基づくキー情報別に、前記仮想ファイル生成部で新たに前記キー情報別総件数と前記キー情報別評価済件数とが抽出され、
前記第２の表示条件が変更された場合には、前記マトリクス画面編集処理部にて、前記評価進捗率又は前記未評価件数を算出することを特徴とする特許情報処理装置。
【請求項２】
  前記第１の表示条件として、前記特許公報データに関する技術分類、前記特許公報データに関する出願人、及び前記評価情報を入力する担当者のいずれかを少なくとも選択可能に有することを特徴とする請求項１に記載の特許情報処理装置。
【請求項３】
  前記表示データとして、前記第１の表示条件が前記技術分類である場合にはあらかじめ書誌的事項として前記特許公報データが有する前記技術分類データを、前記第１の表示条件が前記出願人である場合にはあらかじめ書誌的事項として前記特許公報データが有する前記出願人に関する出願人名データ又は出願人識別番号データを、前記第１の表示条件が前記担当者である場合には前記テーマの設定情報として登録している担当者識別データを、前記第２の表示条件が前記出願年度である場合にはあらかじめ書誌的事項として前記特許公報データが有する出願日データ又は出願番号データを用いることを特徴とする請求項２に記載の特許情報処理装置。",,,
