文献番号,出願番号,出願日,公知日,発明の名称,出願人/権利者,FI,公開番号,公告番号,登録番号,審判番号,その他,ステージ,イベント詳細,文献URL,,,,,,要約,請求の範囲
特許7762771,特願2024-118756,2024/7/24,2025/10/30,モーション解析システム、モーション解析方法及びプログラム,楽天グループ株式会社,"G06T7/70@A,A63B69/36,541@W,A63B71/06@U",,,特許7762771,,,特許 有効,登録公報の発行,https://www.j-platpat.inpit.go.jp/c1801/PU/JP-7762771/15/ja,,,,,,"【課題】モーションを行っている人物の姿勢について的確な評価を行うことができるモーション解析システム、モーション解析方法及びプログラムを提供する。
【解決手段】フレーム画像抽出部６４は、第１のシーンを表す第１フレーム画像、及び、第２のシーンを表す第２フレーム画像を抽出する。オブジェクト位置特定部６６は、第１オブジェクトが第１フレーム画像内において示されている位置、及び、第２オブジェクトが第２フレーム画像内において示されている位置を特定する。評価処理実行部７０は、第１オブジェクトが第１フレーム画像内において示されている位置と、第２オブジェクトが第２フレーム画像内において示されている位置と、に基づいて、第２のシーンにおける人物の姿勢を評価する。","【請求項１】
  所与のモーションを行っている人物を撮影した動画像のうちから、第１のシーンを表す第１フレーム画像を抽出する第１フレーム画像抽出手段と、
  前記動画像のうちから、前記第１のシーンよりも後の第２のシーンを表す第２フレーム画像を抽出する第２フレーム画像抽出手段と、
  前記第１のシーンにおける前記人物の姿勢によって位置が定まる第１オブジェクトが前記第１フレーム画像内において示されている位置を特定する第１位置特定手段と、
  前記第２のシーンにおける前記人物の姿勢によって位置が定まる第２オブジェクトが前記第２フレーム画像内において示されている位置を特定する第２位置特定手段と、
  前記第１オブジェクトが前記第１フレーム画像内において示されている位置と、前記第２オブジェクトが前記第２フレーム画像内において示されている位置と、の違いに基づいて、前記第２のシーンにおける前記人物の姿勢を評価する評価手段と、
  を含むモーション解析システム。
【請求項２】
  前記第１オブジェクトが前記第１フレーム画像内において示されている位置に相当する前記第２フレーム画像内の位置、及び、前記第２オブジェクトが前記第２フレーム画像内において示されている位置が識別表示された前記第２フレーム画像である識別表示画像を生成する識別表示画像生成手段、をさらに含む、
  請求項１に記載のモーション解析システム。
【請求項３】
  前記第１オブジェクト及び前記第２オブジェクトは、前記人物に含まれる体の同じ部位である、
  請求項１に記載のモーション解析システム。
【請求項４】
  所与のモーションを行っている人物を撮影した動画像のうちから、第１のシーンを表す第１フレーム画像を抽出する第１フレーム画像抽出手段と、
  前記動画像のうちから、前記第１のシーンよりも後の第２のシーンを表す第２フレーム画像を抽出する第２フレーム画像抽出手段と、
  前記第１のシーンにおける前記人物の姿勢によって位置が定まる第１オブジェクトが前記第１フレーム画像内において示されている位置を特定する第１位置特定手段と、
  前記第２のシーンにおける前記人物の姿勢によって位置が定まる第２オブジェクトが前記第２フレーム画像内において示されている位置を特定する第２位置特定手段と、
  前記第１オブジェクトが前記第１フレーム画像内において示されている位置と、前記第２オブジェクトが前記第２フレーム画像内において示されている位置と、に基づいて、前記第２のシーンにおける前記人物の姿勢を評価する評価手段と、を含み、
  前記第１オブジェクト及び前記第２オブジェクトは、互いに異なるオブジェクトである、
  モーション解析システム。
【請求項５】
  前記第２オブジェクトは、前記人物に含まれる体の部位である、
  請求項４に記載のモーション解析システム。
【請求項６】
  前記第２オブジェクトは、前記人物が使用しているゴルフクラブの少なくとも一部である、
  請求項４に記載のモーション解析システム。
【請求項７】
  所与のモーションを行っている人物を撮影した動画像のうちから、第１のシーンを表す第１フレーム画像を抽出するステップと、
  前記動画像のうちから、前記第１のシーンよりも後の第２のシーンを表す第２フレーム画像を抽出するステップと、
  前記第１のシーンにおける前記人物の姿勢によって位置が定まる第１オブジェクトが前記第１フレーム画像内において示されている位置を特定するステップと、
  前記第２のシーンにおける前記人物の姿勢によって位置が定まる第２オブジェクトが前記第２フレーム画像内において示されている位置を特定するステップと、
  前記第１オブジェクトが前記第１フレーム画像内において示されている位置と、前記第２オブジェクトが前記第２フレーム画像内において示されている位置と、の違いに基づいて、前記第２のシーンにおける前記人物の姿勢を評価するステップと、
  を含むモーション解析方法。
【請求項８】
  所与のモーションを行っている人物を撮影した動画像のうちから、第１のシーンを表す第１フレーム画像を抽出するステップと、
  前記動画像のうちから、前記第１のシーンよりも後の第２のシーンを表す第２フレーム画像を抽出するステップと、
  前記第１のシーンにおける前記人物の姿勢によって位置が定まる第１オブジェクトが前記第１フレーム画像内において示されている位置を特定するステップと、
  前記第２のシーンにおける前記人物の姿勢によって位置が定まる第２オブジェクトが前記第２フレーム画像内において示されている位置を特定するステップと、
  前記第１オブジェクトが前記第１フレーム画像内において示されている位置と、前記第２オブジェクトが前記第２フレーム画像内において示されている位置と、の違いに基づいて、前記第２のシーンにおける前記人物の姿勢を評価するステップと、
  をコンピュータに実行させるためのプログラム。
【請求項９】
  所与のモーションを行っている人物を撮影した動画像のうちから、第１のシーンを表す第１フレーム画像を抽出するステップと、
  前記動画像のうちから、前記第１のシーンよりも後の第２のシーンを表す第２フレーム画像を抽出するステップと、
  前記第１のシーンにおける前記人物の姿勢によって位置が定まる第１オブジェクトが前記第１フレーム画像内において示されている位置を特定するステップと、
  前記第２のシーンにおける前記人物の姿勢によって位置が定まる第２オブジェクトが前記第２フレーム画像内において示されている位置を特定するステップと、
  前記第１オブジェクトが前記第１フレーム画像内において示されている位置と、前記第２オブジェクトが前記第２フレーム画像内において示されている位置と、に基づいて、前記第２のシーンにおける前記人物の姿勢を評価するステップと、を含み、
  前記第１オブジェクト及び前記第２オブジェクトは、互いに異なるオブジェクトである、
  モーション解析方法。
【請求項１０】
  所与のモーションを行っている人物を撮影した動画像のうちから、第１のシーンを表す第１フレーム画像を抽出するステップと、
  前記動画像のうちから、前記第１のシーンよりも後の第２のシーンを表す第２フレーム画像を抽出するステップと、
  前記第１のシーンにおける前記人物の姿勢によって位置が定まる第１オブジェクトが前記第１フレーム画像内において示されている位置を特定するステップと、
  前記第２のシーンにおける前記人物の姿勢によって位置が定まる第２オブジェクトが前記第２フレーム画像内において示されている位置を特定するステップと、
  前記第１オブジェクトが前記第１フレーム画像内において示されている位置と、前記第２オブジェクトが前記第２フレーム画像内において示されている位置と、に基づいて、前記第２のシーンにおける前記人物の姿勢を評価するステップと、をコンピュータに実行させるための、
  前記第１オブジェクト及び前記第２オブジェクトは、互いに異なるオブジェクトである、
  プログラム。"
特開2025-164779,特願2025-125701,2025/7/28,2025/10/30,医薬品提供申込処理装置、医薬品提供申込処理方法、及び医薬品提供申込処理プログラム,楽天グループ株式会社,"G06Q30/0601,310,G16H20/10",特開2025-164779,,,,,審査請求前,公開公報の発行,https://www.j-platpat.inpit.go.jp/c1801/PU/JP-2025-164779/11/ja,,,,,,"【課題】医療用医薬品の提供に係る費用の金額を顧客に対して事前に提供可能な医薬品提供申込処理装置、医薬品提供申込処理方法及び医薬品提供申込処理プログラムを提供する。
【解決手段】医薬品受取予約サーバ、複数の薬局端末、複数の顧客端末、電子処方箋管理システム及び決済サーバが、ネットワークに接続される通信システムにおいて、医薬品受取予約サーバのシステム制御部１１は、顧客に提供される医薬品の処方箋を示す処方箋情報を取得する処方箋情報取得部と、取得した処方箋情報を、薬局が利用する薬局端末へ送信する処方箋情報送信部と、送信された処方箋情報により示される処方箋に基づく医薬品の提供に係る費用の見積金額を示す見積金額情報を、薬局端末から受信する見積金額情報受信部と、受信した見積金額情報を、顧客が利用する顧客端末へ送信する見積金額情報送信部と、を含む。","【請求項１】
  顧客に提供される医薬品の処方箋を示す処方箋情報を取得する処方箋情報取得手段と、
  前記取得された処方箋情報を、薬局が利用する薬局装置へ送信する処方箋情報送信手段と、
  前記送信された処方箋情報により示される前記処方箋に基づく前記医薬品の提供に係る費用の見積金額を示す見積金額情報を、前記薬局装置から受信する見積金額情報受信手段であって、前記医薬品の提供に係る服薬指導の実施前の状態で前記薬局装置から送信されてくる見積金額情報を受信する見積金額情報受信手段と、
  前記取得された見積金額情報を、前記顧客が利用する顧客端末装置へ送信する見積金額情報送信手段と、
  を備えることを特徴とする医薬品提供申込処理装置。
【請求項２】
  前記見積金額情報受信手段による前記見積金額情報の受信後、前記薬局装置から、前記費用の確定金額を示す確定金額情報を受信する確定金額情報受信手段と、
  前記受信された確定金額情報により示される前記確定金額の費用の決済を実行する決済手段と、
  を更に備えることを特徴とする請求項１に記載の医薬品提供申込処理装置。
【請求項３】
  前記顧客により指定されたクレジットカードのクレジットカード情報を取得するクレジットカード情報取得手段と、
  前記取得されたクレジットカード情報に基づいて、前記取得された見積金額情報により示される前記見積金額の支払いが前記クレジットカードで可能であるかを確認する見積金額支払確認手段と、
  を更に備え、
  前記見積金額情報送信手段は、前記見積金額支払確認手段により前記支払いが可能であると確認された場合、前記見積金額情報を送信することを特徴とする請求項２に記載の医薬品提供申込処理装置。
【請求項４】
  前記受信された確定金額情報により示される前記確定金額が、前記送信された見積金額情報により示される前記見積金額と異なる場合、前記取得されたクレジットカード情報に基づいて、前記確定金額の支払いが前記クレジットカードで可能であるかを確認する確定金額支払確認手段を更に備え、
  前記決済手段は、前記確定金額の支払いが可能であると前記確定金額支払確認手段により確認された場合、前記決済を実行し、
  前記受信された確定金額情報により示される前記確定金額が、前記送信された見積金額情報により示される前記見積金額と一致する場合、前記確定金額支払確認手段による前記確認を省略して、前記決済手段が前記決済を実行することを特徴とする請求項３に記載の医薬品提供申込処理装置。
【請求項５】
  前記顧客端末装置から、前記処方箋に基づく前記医薬品の提供の申し込みを示す申込情報を受信する申込情報受信手段と、
  前記申込情報受信手段により前記申込情報が受信されたことに応じて、前記クレジットカードの利用が可能であるかを、前記取得されたクレジットカード情報に基づいて確認する申込支払確認手段と、
  前記クレジットカードの利用が可能であると前記申込支払確認手段により確認された場合、前記申し込みが受け付けられたことを示す受付情報を、前記顧客端末装置へ送信する受付情報送信手段と、
  を更に備えることを特徴とする請求項３又は４に記載の医薬品提供申込処理装置。
【請求項６】
  前記取得された処方箋情報により示される前記処方箋に基づく前記医薬品の調剤に関する調剤状態であって、前記医薬品の調剤が未完了であることを示す調剤未完了状態に設定された調剤状態を記憶手段に記憶させる記憶制御手段と、
  前記送信された処方箋情報を受信した前記薬局装置からの通信に応じて、前記記憶手段に記憶された前記調剤状態を、前記医薬品の調剤が完了し且つ前記服薬指導が未完了であることを示す調剤完了状態に変更する変更手段と、
  前記記憶手段に記憶された前記調剤状態が前記調剤未完了状態である場合、前記見積金額を入力するための操作を受け付け可能な操作受付画面を前記薬局装置に表示させる操作受付画面情報を、前記薬局装置へ送信する操作受付画面情報送信手段と、
  を更に備え、
  前記見積金額情報送信手段は、前記入力された見積金額を示す前記見積金額情報を受信することを特徴とする請求項１に記載の医薬品提供申込処理装置。
【請求項７】
  前記見積金額情報送信手段は、前記見積金額情報とともに、前記記憶手段に記憶された前記調剤状態を示す状態情報を前記顧客端末装置へ送信することを特徴とする請求項６に記載の医薬品提供申込処理装置。
【請求項８】
  前記変更手段は、前記見積金額情報送信手段により前記見積金額情報が受信されることに応じて、前記調剤状態を前記調剤完了状態に変更することを特徴とする請求項６又は７に記載の医薬品提供申込処理装置。
【請求項９】
  前記見積金額情報受信手段は、前記送信された処方箋情報を前記薬局装置が受信することに応じて前記薬局装置から送信されてくる前記見積金額情報を受信し、
  前記見積金額情報送信手段は、前記見積金額情報とともに、前記医薬品の提供の申し込みが受け付けられたことを示す受付情報を前記顧客端末装置へ送信することを特徴とする請求項１乃至４の何れか一項に記載の医薬品提供申込処理装置。
【請求項１０】
  コンピュータにより実行される医薬品提供申込処理方法において、
  顧客に提供される医薬品の処方箋を示す処方箋情報を取得する処方箋情報取得ステップと、
  前記取得された処方箋情報を、薬局が利用する薬局装置へ送信する処方箋情報送信ステップと、
  前記送信された処方箋情報により示される前記処方箋に基づく前記医薬品の提供に係る費用の見積金額を示す見積金額情報を、前記薬局装置から受信する見積金額情報受信ステップであって、前記医薬品の提供に係る服薬指導の実施前の状態で前記薬局装置から送信されてくる見積金額情報を受信する見積金額情報受信ステップと、
  前記取得された見積金額情報を、前記顧客が利用する顧客端末装置へ送信する見積金額情報送信ステップと、
  を含むことを特徴とする医薬品提供申込処理方法。
【請求項１１】
  コンピュータを、
  顧客に提供される医薬品の処方箋を示す処方箋情報を取得する処方箋情報取得手段と、
  前記取得された処方箋情報を、薬局が利用する薬局装置へ送信する処方箋情報送信手段と、
  前記送信された処方箋情報により示される前記処方箋に基づく前記医薬品の提供に係る費用の見積金額を示す見積金額情報を、前記薬局装置から受信する見積金額情報受信手段であって、前記医薬品の提供に係る服薬指導の実施前の状態で前記薬局装置から送信されてくる見積金額情報を受信する見積金額情報受信手段と、
  前記取得された見積金額情報を、前記顧客が利用する顧客端末装置へ送信する見積金額情報送信手段、
  として機能させることを特徴とする医薬品提供申込処理プログラム。"
特許7762327,特願2025-048526,2025/3/24,2025/10/29,管理装置、管理方法及びプログラム,楽天グループ株式会社,G06Q50/10,,,特許7762327,,,特許 有効,登録公報の発行,https://www.j-platpat.inpit.go.jp/c1801/PU/JP-7762327/15/ja,,,,,,"【課題】ショップに対して、カスタマーが電話を受け取るのに好適な時間帯にカスタマーへの架電を促すことが可能な管理装置、管理方法及びプログラムを提供する。
【解決手段】管理装置１００は、複数のサービスについて、カスタマーがショップに対して行った申込を管理し、当該カスタマーにより申込が行われたショップに、当該ショップに対して行われた申込の詳細を閲覧可能に提供する。特定部１０１は、カスタマーにより申込が行われたショップが当該カスタマーに対して行う電話連絡を、当該カスタマーが受け取るのに好適な時間帯を特定する。通知部１０２は、特定された好適な時間帯より閾時間前迄に、カスタマーにより申込が行われたショップが、申込の詳細を未だ閲覧していなければ、特定された好適な時間帯迄に、カスタマーにより申込が行われたショップへ、申込の詳細を閲覧すべき旨を通知する。","【請求項１】
  複数のサービスについて、カスタマーがショップに対して行った申込を管理し、当該カスタマーにより申込が行われたショップに、当該ショップに対して行われた申込の詳細を閲覧可能に提供する管理装置であって、
  前記カスタマーにより申込が行われたショップが当該カスタマーに対して行う電話連絡を、当該カスタマーが受け取るのに好適な時間帯を特定する特定部と、
  前記特定された好適な時間帯より閾時間前迄に、前記カスタマーにより申込が行われたショップが、前記申込の詳細を未だ閲覧していなければ、前記特定された好適な時間帯迄に、前記カスタマーにより申込が行われたショップへ、前記申込の詳細を閲覧すべき旨を通知する通知部と、
  を備えることを特徴とする管理装置。
【請求項２】
  前記特定部は、前記カスタマーが申込を行った時に、前記カスタマーが前記電話連絡を受け取り可能な時間帯を指定していれば、前記カスタマーが指定した時間帯を、前記好適な時間帯として特定する
  ことを特徴とする請求項１に記載の管理装置。
【請求項３】
  前記特定部は、前記カスタマーが申込を行った時に、前記カスタマーが前記電話連絡を受け取り可能な時間帯を指定していなければ、前記複数のサービスにおける前記カスタマーの活動履歴に基づいて、前記好適な時間帯を推定することにより特定する
  ことを特徴とする請求項１又は２に記載の管理装置。
【請求項４】
  前記カスタマーの活動履歴は、前記カスタマーと、当該カスタマーにより申込が行われたショップとの電話連絡履歴である
  ことを特徴とする請求項３に記載の管理装置。
【請求項５】
  前記カスタマーの活動履歴は、前記カスタマーと、当該カスタマーにより申込が行われたショップ以外の、前記複数のサービスのいずれかを提供するショップとの電話連絡履歴である
  ことを特徴とする請求項３に記載の管理装置。
【請求項６】
  前記カスタマーの活動履歴は、前記複数のサービスのうち、前記カスタマーが申込を行った対象のサービス以外のサービスにおいて、前記カスタマーが申込を行った時に前記カスタマーが指定した電話連絡を受け取り可能な時間帯の履歴である
  ことを特徴とする請求項３に記載の管理装置。
【請求項７】
  前記カスタマーの活動履歴は、前記カスタマーが、前記複数のサービスについて申込を行うためのアプリを利用している時間帯の履歴である
  ことを特徴とする請求項３に記載の管理装置。
【請求項８】
  前記特定部は、前記カスタマーの属性にさらに基づいて、前記好適な時間帯を推定することにより特定する
  ことを特徴とする請求項３に記載の管理装置。
【請求項９】
  前記特定部は、前記カスタマーにより申込が行われたショップが、前記申込の詳細を閲覧すべき旨の通知を受け取る時間帯を予め設定していれば、当該ショップが設定した時間帯にさらに基づいて、前記好適な時間帯を推定することにより特定する
  ことを特徴とする請求項３に記載の管理装置。
【請求項１０】
  前記通知部は、前記カスタマーにより申込が行われたショップ宛の自動電話により、前記申込の詳細を閲覧すべき旨を通知する
  ことを特徴とする請求項１に記載の管理装置。
【請求項１１】
  前記通知部は、前記カスタマーにより申込が行われたショップが使用するアプリを介して、前記申込の詳細を閲覧すべき旨を通知する
  ことを特徴とする請求項１に記載の管理装置。
【請求項１２】
  前記通知部は、前記カスタマーにより申込が行われたショップ宛のＳＭＳ（Short Message Service）を利用したメッセージにより、前記申込の詳細を閲覧すべき旨を通知する
  ことを特徴とする請求項１に記載の管理装置。
【請求項１３】
  前記通知部は、前記申込の詳細を閲覧すべき旨を、テキストを用いて通知し、
  前記申込の詳細を閲覧すべき旨には、前記申込の詳細と、前記申込を行ったカスタマーの電話番号と、が含まれる
  ことを特徴とする請求項１１又は１２に記載の管理装置。
【請求項１４】
  複数のサービスについて、カスタマーがショップに対して行った申込を管理し、当該カスタマーにより申込が行われたショップに、当該ショップに対して行われた申込の詳細を閲覧可能に提供する管理装置が実行する管理方法であって、
  前記管理装置が、
  前記カスタマーにより申込が行われたショップが当該カスタマーに対して行う電話連絡を、当該カスタマーが受け取るのに好適な時間帯を特定し、
  前記特定された好適な時間帯より閾時間前迄に、前記カスタマーにより申込が行われたショップが、前記申込の詳細を未だ閲覧していなければ、前記特定された好適な時間帯迄に、前記カスタマーにより申込が行われたショップへ、前記申込の詳細を閲覧すべき旨を通知する、
  ことを特徴とする管理方法。
【請求項１５】
  コンピュータを、
  複数のサービスについて、カスタマーがショップに対して行った申込を管理し、当該カスタマーにより申込が行われたショップに、当該ショップに対して行われた申込の詳細を閲覧可能に提供する管理装置として機能させるプログラムであって、
  前記コンピュータを、
  前記カスタマーにより申込が行われたショップが当該カスタマーに対して行う電話連絡を、当該カスタマーが受け取るのに好適な時間帯を特定する特定部、
  前記特定された好適な時間帯より閾時間前迄に、前記カスタマーにより申込が行われたショップが、前記申込の詳細を未だ閲覧していなければ、前記特定された好適な時間帯迄に、前記カスタマーにより申込が行われたショップへ、前記申込の詳細を閲覧すべき旨を通知する通知部、
  として機能させることを特徴とするプログラム。"
特許7762280,特願2024-190178,2024/10/29,2025/10/29,情報提供装置、情報提供方法及びプログラム,楽天グループ株式会社,G06Q50/34,,,特許7762280,,,特許 有効,登録公報の発行,https://www.j-platpat.inpit.go.jp/c1801/PU/JP-7762280/15/ja,,,,,,"【課題】推し活を支援する情報を提供する。
【解決手段】公営競技に出場する競技者に係る投票券であって、ユーザが過去に購入した投票券の履歴に基づいて、複数の競技者のうち、ユーザの応援対象の前記競技者である推し競技者を特定し、推し競技者に対応する投票券であって、ユーザが投票可能な前記投票券を抽出する。そして、抽出した投票券に対応する当選スコアと、ユーザが投票券の種類を嗜好する度合である嗜好度合を算出し、ユーザへ投票を提案する投票券および投票券の種類を、当選スコアと嗜好度合に基づいて特定し、特定した投票券および投票券の種類を、ユーザへ提供することにより、ユーザへ投票を提案する。","【請求項１】
  公営競技に出場する競技者に係る投票券であって、ユーザが過去に購入した前記投票券の履歴に基づいて、複数の前記競技者のうち、前記ユーザの応援対象の前記競技者である推し競技者を特定する推し特定部と、
  前記推し特定部で特定した前記推し競技者に対応する前記投票券であって、前記ユーザが購入可能な前記投票券を抽出する投票券抽出部と、
  前記投票券抽出部で抽出した前記投票券に対応する当選スコアを、前記投票券毎にそれぞれ算出するスコア算出部と、
  前記ユーザが過去に購入した前記投票券の履歴に基づいて、前記ユーザが前記投票券の種類を嗜好する度合である嗜好度合を、前記投票券の種類毎に算出する嗜好度合算出部と、
  前記投票券抽出部で抽出した前記投票券のうち、前記ユーザへ購入を提案する前記投票券および前記投票券の種類を、前記スコア算出部で算出した前記当選スコアと、前記嗜好度合算出部で算出した前記嗜好度合と、に基づいて特定する提案対象特定部と、
  前記提案対象特定部で特定した前記投票券および前記投票券の種類の情報を、前記ユーザへ提供することにより、前記ユーザへ前記推し競技者への投票を提案する提案部と、を備え、
  前記推し特定部は、ユーザが過去に購入した前記投票券の履歴に基づいて、複数の前記競技者それぞれの推しスコアを算出することにより、前記ユーザに対応する前記推し競技者を特定し、
  前記提案部により提案された前記競技者に対する高評価の評価が前記ユーザによりなされた場合に、前記競技者に対応する前記推しスコアが加算され、前記提案部により提案された前記競技者に対する低評価の評価が前記ユーザによりなされた場合に、前記競技者に対応する前記推しスコアが減算される、
  ことを特徴とする情報提供装置。
【請求項２】
  前記提案部は、一回の競技における前記競技者それぞれに対応する前記投票券であって、前記ユーザと、前記ユーザとは異なる他ユーザと、を含む投票者ユーザそれぞれが既に購入した前記投票券の、前記競技者毎の購入数を集計し、前記投票券の購入数の分布を前記競技者毎に対比可能な対比情報を、前記投票券および前記投票券の種類の情報と合わせて提供する、
  ことを特徴とする請求項１に記載の情報提供装置。
【請求項３】
  公営競技に出場する競技者に係る投票券であって、ユーザが過去に購入した前記投票券の履歴に基づいて、複数の前記競技者のうち、前記ユーザの応援対象の前記競技者である推し競技者を特定する推し特定部と、
  前記推し特定部で特定した前記推し競技者に対応する前記投票券であって、前記ユーザが購入可能な前記投票券を抽出する投票券抽出部と、
  前記投票券抽出部で抽出した前記投票券に対応する当選スコアを、前記投票券毎にそれぞれ算出するスコア算出部と、
  前記ユーザが過去に購入した前記投票券の履歴に基づいて、前記ユーザが前記投票券の種類を嗜好する度合である嗜好度合を、前記投票券の種類毎に算出する嗜好度合算出部と、
  前記投票券抽出部で抽出した前記投票券のうち、前記ユーザへ購入を提案する前記投票券および前記投票券の種類を、前記スコア算出部で算出した前記当選スコアと、前記嗜好度合算出部で算出した前記嗜好度合と、に基づいて特定する提案対象特定部と、
  前記提案対象特定部で特定した前記投票券および前記投票券の種類の情報を、前記ユーザへ提供することにより、前記ユーザへ前記推し競技者への投票を提案する提案部と、
  前記ユーザとは異なる他ユーザであって前記推し特定部で特定した前記ユーザに対応する前記推し競技者と共通の前記推し競技者を有する前記他ユーザと、前記ユーザと、からなるグループを特定する共通推し競技者特定部と、を備え、
  前記提案部は、前記共通推し競技者特定部で特定した前記グループに属するユーザそれぞれが既に購入した、前記推し特定部で特定した前記ユーザに対応する前記推し競技者と共通の前記推し競技者に対応する前記投票券の購入数を集計し、前記投票券の購入数の分布を前記グループに属するユーザ毎に対比可能な対比情報を、前記投票券および前記投票券の種類の情報と合わせて提供する、
  ことを特徴とする情報提供装置。
【請求項４】
  前記提案部は、前記投票券の購入数の分布について、前記グループに属するユーザそれぞれが既に購入した、前記推し特定部で特定した前記ユーザに対応する前記推し競技者と共通の前記推し競技者に対応する前記投票券の購入数のうち、前記グループに属する一のユーザにより購入された購入数の多い順に、予め定められた順位以内の前記購入数に対応する前記対比情報を、それぞれ異なる表示態様で提供する、
  ことを特徴とする請求項３に記載の情報提供装置。
【請求項５】
  前記提案部は、前記投票券の購入数の分布について、前記グループに属するユーザそれぞれが既に購入した、前記推し特定部で特定した前記ユーザに対応する前記推し競技者と共通の前記推し競技者に対応する前記投票券の購入数のうち、前記ユーザにより購入された購入数に対応する前記対比情報を、特殊態様で提供することにより、前記ユーザによる購入数を強調させる、
  ことを特徴とする請求項３に記載の情報提供装置。
【請求項６】
  前記提案部は、前記投票券の購入数の分布について、前記グループに属するユーザそれぞれが既に購入した、前記推し特定部で特定した前記ユーザに対応する前記推し競技者と共通の前記推し競技者に対応する前記投票券の購入数のうち、前記ユーザにより購入された購入数に加えて、前記グループに属するユーザ内の投票順位を繰り上げるために必要となる購入数を、前記対比情報に含めて提供する、
  ことを特徴とする請求項５に記載の情報提供装置。
【請求項７】
  前記提案部は、前記グループに属するユーザ内の投票順位を繰り上げるために必要となる購入数が、前記ユーザが過去に購入した購入数の最大値以下である場合にのみ、前記グループに属するユーザ内の投票順位を繰り上げるために必要となる購入数を、前記対比情報に含めて提供する、
  ことを特徴とする請求項６に記載の情報提供装置。
【請求項８】
  前記提案部は、一回の競技における前記競技者それぞれに対応する前記投票券であって、前記ユーザと、前記ユーザとは異なる他ユーザと、を含む投票者ユーザそれぞれが既に購入した前記投票券の、前記競技者毎の購入数を集計し、前記投票券の購入数の分布を前記競技者毎に対比可能な対比情報を、前記投票券および前記投票券の種類の情報と合わせて提供する、
  請求項３に記載の情報提供装置。
【請求項９】
  情報提供装置による情報提供方法であって、
  公営競技に出場する競技者に係る投票券であって、ユーザが過去に購入した前記投票券の履歴に基づいて、複数の前記競技者のうち、前記ユーザの応援対象の前記競技者である推し競技者を特定する推し特定ステップと、
  前記推し特定ステップで特定した前記推し競技者に対応する前記投票券であって、前記ユーザが購入可能な前記投票券を抽出する投票券抽出ステップと、
  前記投票券抽出ステップで抽出した前記投票券に対応する当選スコアを、前記投票券毎にそれぞれ算出するスコア算出ステップと、
  前記ユーザが過去に購入した前記投票券の履歴に基づいて、前記ユーザが前記投票券の種類を嗜好する度合である嗜好度合を、前記投票券の種類毎に算出する嗜好度合算出ステップと、
  前記投票券抽出ステップで抽出した前記投票券のうち、前記ユーザへ購入を提案する前記投票券および前記投票券の種類を、前記スコア算出ステップで算出した前記当選スコアと、前記嗜好度合算出ステップで算出した前記嗜好度合と、に基づいて特定する提案対象特定ステップと、
  前記提案対象特定ステップで特定した前記投票券および前記投票券の種類の情報を、前記ユーザへ提供することにより、前記ユーザへ前記推し競技者への投票を提案する提案ステップと、を備え、
  前記推し特定ステップでは、ユーザが過去に購入した前記投票券の履歴に基づいて、複数の前記競技者それぞれの推しスコアを算出することにより、前記ユーザに対応する前記推し競技者を特定し、
  前記提案ステップにより提案された前記競技者に対する高評価の評価が前記ユーザによりなされた場合に、前記競技者に対応する前記推しスコアが加算され、前記提案ステップにより提案された前記競技者に対する低評価の評価が前記ユーザによりなされた場合に、前記競技者に対応する前記推しスコアが減算される、
  ことを特徴とする情報提供方法。
【請求項１０】
  情報提供装置による情報提供方法であって、
  公営競技に出場する競技者に係る投票券であって、ユーザが過去に購入した前記投票券の履歴に基づいて、複数の前記競技者のうち、前記ユーザの応援対象の前記競技者である推し競技者を特定する推し特定ステップと、
  前記推し特定ステップで特定した前記推し競技者に対応する前記投票券であって、前記ユーザが購入可能な前記投票券を抽出する投票券抽出ステップと、
  前記投票券抽出ステップで抽出した前記投票券に対応する当選スコアを、前記投票券毎にそれぞれ算出するスコア算出ステップと、
  前記ユーザが過去に購入した前記投票券の履歴に基づいて、前記ユーザが前記投票券の種類を嗜好する度合である嗜好度合を、前記投票券の種類毎に算出する嗜好度合算出ステップと、
  前記投票券抽出ステップで抽出した前記投票券のうち、前記ユーザへ購入を提案する前記投票券および前記投票券の種類を、前記スコア算出ステップで算出した前記当選スコアと、前記嗜好度合算出ステップで算出した前記嗜好度合と、に基づいて特定する提案対象特定ステップと、
  前記提案対象特定ステップで特定した前記投票券および前記投票券の種類の情報を、前記ユーザへ提供することにより、前記ユーザへ前記推し競技者への投票を提案する提案ステップと、
  前記ユーザとは異なる他ユーザであって前記推し特定ステップで特定した前記ユーザに対応する前記推し競技者と共通の前記推し競技者を有する前記他ユーザと、前記ユーザと、からなるグループを特定する共通推し競技者特定ステップと、を備え、
  前記提案ステップでは、前記共通推し競技者特定ステップで特定した前記グループに属するユーザそれぞれが既に購入した、前記推し特定ステップで特定した前記ユーザに対応する前記推し競技者と共通の前記推し競技者に対応する前記投票券の購入数を集計し、前記投票券の購入数の分布を前記グループに属するユーザ毎に対比可能な対比情報を、前記投票券および前記投票券の種類の情報と合わせて提供する、
  ことを特徴とする情報提供方法。
【請求項１１】
  コンピュータを、
  公営競技に出場する競技者に係る投票券であって、ユーザが過去に購入した前記投票券の履歴に基づいて、複数の前記競技者のうち、前記ユーザの応援対象の前記競技者である推し競技者を特定する推し特定部、
  前記推し特定部で特定した前記推し競技者に対応する前記投票券であって、前記ユーザが購入可能な前記投票券を抽出する投票券抽出部、
  前記投票券抽出部で抽出した前記投票券に対応する当選スコアを、前記投票券毎にそれぞれ算出するスコア算出部、
  前記ユーザが過去に購入した前記投票券の履歴に基づいて、前記ユーザが前記投票券の種類を嗜好する度合である嗜好度合を、前記投票券の種類毎に算出する嗜好度合算出部、
  前記投票券抽出部で抽出した前記投票券のうち、前記ユーザへ購入を提案する前記投票券および前記投票券の種類を、前記スコア算出部で算出した前記当選スコアと、前記嗜好度合算出部で算出した前記嗜好度合と、に基づいて特定する提案対象特定部、
  前記提案対象特定部で特定した前記投票券および前記投票券の種類の情報を、前記ユーザへ提供することにより、前記ユーザへ前記推し競技者への投票を提案する提案部、として機能させ、
  前記推し特定部は、ユーザが過去に購入した前記投票券の履歴に基づいて、複数の前記競技者それぞれの推しスコアを算出することにより、前記ユーザに対応する前記推し競技者を特定し、
  前記提案部により提案された前記競技者に対する高評価の評価が前記ユーザによりなされた場合に、前記競技者に対応する前記推しスコアが加算され、前記提案部により提案された前記競技者に対する低評価の評価が前記ユーザによりなされた場合に、前記競技者に対応する前記推しスコアが減算される、
  ことを特徴とするプログラム。
【請求項１２】
  コンピュータを、
  公営競技に出場する競技者に係る投票券であって、ユーザが過去に購入した前記投票券の履歴に基づいて、複数の前記競技者のうち、前記ユーザの応援対象の前記競技者である推し競技者を特定する推し特定部、
  前記推し特定部で特定した前記推し競技者に対応する前記投票券であって、前記ユーザが購入可能な前記投票券を抽出する投票券抽出部、
  前記投票券抽出部で抽出した前記投票券に対応する当選スコアを、前記投票券毎にそれぞれ算出するスコア算出部、
  前記ユーザが過去に購入した前記投票券の履歴に基づいて、前記ユーザが前記投票券の種類を嗜好する度合である嗜好度合を、前記投票券の種類毎に算出する嗜好度合算出部、
  前記投票券抽出部で抽出した前記投票券のうち、前記ユーザへ購入を提案する前記投票券および前記投票券の種類を、前記スコア算出部で算出した前記当選スコアと、前記嗜好度合算出部で算出した前記嗜好度合と、に基づいて特定する提案対象特定部、
  前記提案対象特定部で特定した前記投票券および前記投票券の種類の情報を、前記ユーザへ提供することにより、前記ユーザへ前記推し競技者への投票を提案する提案部、
  前記ユーザとは異なる他ユーザであって前記推し特定部で特定した前記ユーザに対応する前記推し競技者と共通の前記推し競技者を有する前記他ユーザと、前記ユーザと、からなるグループを特定する共通推し競技者特定部、として機能させ、
  前記提案部は、前記共通推し競技者特定部で特定した前記グループに属するユーザそれぞれが既に購入した、前記推し特定部で特定した前記ユーザに対応する前記推し競技者と共通の前記推し競技者に対応する前記投票券の購入数を集計し、前記投票券の購入数の分布を前記グループに属するユーザ毎に対比可能な対比情報を、前記投票券および前記投票券の種類の情報と合わせて提供する、
  ことを特徴とするプログラム。"
特許7761793,特願2025-083320,2025/5/19,2025/10/28,プラン生成システム、プラン生成方法、及びプラン生成用プログラム,楽天グループ株式会社,"G06Q10/02,G06Q50/10,G06Q50/14",,,特許7761793,,,特許 有効,登録公報の発行,https://www.j-platpat.inpit.go.jp/c1801/PU/JP-7761793/15/ja,,,,,,"【課題】プラン生成システム、プラン生成方法、及びプラン生成用プログラムを提供する。
【解決手段】プラン生成方法は、少なくとも１つのプロセッサが、サービスの提供に係る１以上の前提条件を取得することと、サービスを提供するためのプラン例を取得することと、生成プロンプトを言語モデルに入力することであって、生成プロンプトが、１以上の前提条件と、プラン例と、１以上の前提条件に基づいてプラン例を参考としてサービスプランを生成するように指示する生成指示と、を含む、ことと、生成プロンプトに基づいて言語モデルが生成したサービスプランを端末装置に表示させることと、を含む。","【請求項１】
  １の予約サイトを通じて提供されるサービスに係るサービスプランを生成するためのプラン生成システムであって、
  少なくとも１つのプロセッサを備え、前記少なくとも１つのプロセッサが、
  前記１の予約サイトを通じて過去に提供された、あるいは現在提供されている、複数の既存プランの中からプラン例を選択するための選択画面を端末装置に表示させることと、
  前記選択画面において選択された既存プランを、前記１の予約サイトを通じて提供される前記サービスに係るプラン例として取得することと、
  生成プロンプトを生成することであって、前記生成プロンプトが、前記サービスの提供に係る１以上の前提条件と、前記プラン例と、前記１以上の前提条件に基づいて前記プラン例を参考として、前記サービスプランを生成するように指示する生成指示と、を含む、ことと、
  前記生成プロンプトを言語モデルに入力することと、
  前記生成プロンプトに基づいて前記言語モデルが生成した前記サービスプランを前記端末装置に表示させることと、
  を行うように構成される、プラン生成システム。
【請求項２】
  前記言語モデルは、画像及びテキストを入力可能な視覚言語モデルであり、
  前記生成プロンプトは、前記サービスを説明するために登録された複数の登録画像の中から前記サービスプランに適した１以上の画像を選択するように指示する画像選択指示を含む、
  請求項１に記載のプラン生成システム。
【請求項３】
  前記プラン例は前記サービスを説明するための複数の項目を含み、
  前記生成指示は、前記プラン例と同じ項目を含む前記サービスプランを生成することの指示を含む、
  請求項１に記載のプラン生成システム。
【請求項４】
  前記サービスは施設の予約サービスであり、
  前記１以上の前提条件は前記施設について説明する施設データを含み、
  前記施設データは複数の施設タイプを含み、
  前記少なくとも１つのプロセッサが、
  前記複数の施設タイプの中から前記サービスプランの対象となる施設タイプを決定するための決定画面を作業者が使用する前記端末装置に表示することと、
  前記作業者が前記決定画面を介して前記施設タイプを選択することにより決定された前記施設タイプ毎に、前記サービスプランを生成することと、
  を行うように構成される、請求項１～３のうち何れか一項に記載のプラン生成システム。
【請求項５】
  前記サービスプランは、対応するプランの内容、前記プランの公開期間、及び前記プランの提供期間を含み、
  前記生成指示は、前記プランの内容及び前記プランの提供期間に応じた前記公開期間を生成して前記サービスプランに含めることの指示を含む、
  請求項１～３のうち何れか一項に記載のプラン生成システム。
【請求項６】
  前記少なくとも１つのプロセッサが、
  作業者が使用する前記端末装置に、表示領域を含む入力画面を表示することであって、前記入力画面が、前記言語モデルとのチャットを仲介するためのチャット領域を含み、前記チャット領域が文字を自由記入するためのメッセージ欄を含む、ことと、
  前記メッセージ欄を介して前記サービスプランに対する修正事項が入力された場合に、前記言語モデルに修正プロンプトを入力することであって、前記修正プロンプトが、前記修正事項と、前記修正事項に従って前記サービスプランを修正した修正プランを生成するように指示する修正指示と、を含む、ことと、
  前記修正指示に従って前記言語モデルが生成した前記修正プランを前記表示領域に表示することと、
  を行うように構成される、請求項１～３のうち何れか一項に記載のプラン生成システム。
【請求項７】
  １の予約サイトを通じて提供されるサービスに係るサービスプランを生成するためのプラン生成方法であって、
  少なくとも１つのプロセッサが、
  前記１の予約サイトを通じて過去に提供された、あるいは現在提供されている、複数の既存プランの中からプラン例を選択するための選択画面を端末装置に表示させることと、
  前記選択画面において選択された既存プランを、前記１の予約サイトを通じて提供される前記サービスに係るプラン例として取得することと、
  生成プロンプトを生成することであって、前記生成プロンプトが、前記サービスの提供に係る１以上の前提条件と、前記プラン例と、前記１以上の前提条件に基づいて前記プラン例を参考として、前記サービスプランを生成するように指示する生成指示と、を含む、ことと、
  前記生成プロンプトを言語モデルに入力することと、
  前記生成プロンプトに基づいて前記言語モデルが生成した前記サービスプランを前記端末装置に表示させることと、
  を含む、プラン生成方法。
【請求項８】
  １の予約サイトを通じて提供されるサービスに係るサービスプランを生成させるためプラン生成用プログラムであって、
  少なくとも１つのプロセッサに、
  前記１の予約サイトを通じて過去に提供された、あるいは現在提供されている、複数の既存プランの中からプラン例を選択するための選択画面を端末装置に表示させることと、
  前記選択画面において選択された既存プランを、前記１の予約サイトを通じて提供される前記サービスに係るプラン例として取得することと、
  生成プロンプトを生成することであって、前記生成プロンプトが、前記サービスの提供に係る１以上の前提条件と、前記プラン例と、前記１以上の前提条件に基づいて前記プラン例を参考として、前記サービスプランを生成するように指示する生成指示と、を含む、ことと、
  前記生成プロンプトを言語モデルに入力することと、
  前記生成プロンプトに基づいて前記言語モデルが生成した前記サービスプランを前記端末装置に表示させることと、
  を実行させるためのプラン生成用プログラム。"
特許7761734,特願2024-194534,2024/11/6,2025/10/28,指定商品検出方法、指定商品検出システム、及びプログラム,楽天グループ株式会社,G06F16/38,,,特許7761734,,,特許 有効,登録公報の発行,https://www.j-platpat.inpit.go.jp/c1801/PU/JP-7761734/15/ja,,,,,,"【課題】指定商品検出方法、指定商品検出システム、及びプログラムを提供する。
【解決手段】少なくとも１つのプロセッサが、複数の商品データセットを取得することであって、複数の商品データセットの各々は、複数の商品についての商品説明を含み、商品説明は、対応する商品の含有成分についての説明を含む、ことと、１以上のキーワードを取得することであって、１以上のキーワードが１以上の指定成分をそれぞれ示す、ことと、複数の商品データセットに対して１以上のキーワードを用いたキーワード検索を行うことにより、複数の商品の中から１以上の被疑品を抽出することと、１以上の被疑品の中から１以上の非含有商品を検出することと、１以上の被疑品から１以上の非含有商品を除外することにより、含有商品のリストを出力することと、を含む、指定商品検出方法。","【請求項１】
  少なくとも１つのプロセッサが、
  複数の商品データセットを取得することであって、前記複数の商品データセットの各々は、複数の商品についての商品説明を含み、前記商品説明は、対応する商品の含有成分についての説明を含む、ことと、
  １以上のキーワードを取得することであって、前記１以上のキーワードが１以上の指定成分をそれぞれ示す、ことと、
  前記複数の商品データセットに対して前記１以上のキーワードを用いたキーワード検索を行うことにより、前記複数の商品の中から１以上の被疑品を抽出することであって、前記各被疑品は、対応する前記商品説明中に、前記１以上の指定成分のうち少なくとも１つを含む、ことと、
  前記１以上の被疑品の各々に対応する前記商品説明に基づいて、前記１以上の被疑品の中から、前記１以上の指定成分を含まない１以上の非含有商品を検出することと、
  前記１以上の被疑品から前記１以上の非含有商品を除外することにより、前記１以上の指定成分のうち少なくとも１つを含む含有商品のリストを出力することと、
  を含む、指定商品検出方法。
【請求項２】
  前記１以上の非含有商品を検出することは、前記１以上の被疑品の各々について、
  前記商品説明の中から、対応する商品が含有しない非含有成分について説明する否定的説明を検出することと、
  前記否定的説明にて説明されている１以上の前記非含有成分を検出することと、
  前記商品説明に含まれる前記１以上の指定成分の全てが前記否定的説明中にのみ含まれる前記非含有成分である場合に、対応する前記被疑品を前記非含有商品であると判断することと、
  を含む、請求項１に記載の指定商品検出方法。
【請求項３】
  前記１以上の非含有商品を検出することは、前記１以上の被疑品の各々について、
  前記商品説明の中から、対応する商品が含有しない非含有成分について説明する否定的説明を検出することと、
  前記商品説明の中から、対応する商品が含有する含有成分について説明する肯定的説明を検出することと、
  前記否定的説明にて説明されている１以上の前記非含有成分を検出することと、
  前記肯定的説明にて説明されている１以上の前記含有成分を検出することと、
  前記商品説明に含まれる前記１以上の指定成分の全てが前記否定的説明中に含まれる前記非含有成分であり、かつ、前記商品説明に含まれる前記１以上の指定成分が前記肯定的説明中に前記含有成分として含まれていない場合に、対応する前記被疑品を前記非含有商品であると判断することと、
  を含む、請求項１に記載の指定商品検出方法。
【請求項４】
  確認用画面をディスプレイに表示することを含み、
  前記確認用画面は、前記複数の商品データセットのうちの１の商品データセットの前記商品説明を表示するように構成され、
  前記確認用画面の前記商品説明において、前記１以上の非含有成分と、前記１以上の含有成分とが、互いに異なるマークによって強調表示される、
  請求項３に記載の指定商品検出方法。
【請求項５】
  少なくとも１つのプロセッサが、
  複数の商品データセットを取得することであって、前記複数の商品データセットの各々は、複数の商品についての商品説明を含み、前記商品説明は、対応する商品の含有成分についての説明を含む、ことと、
  １以上のキーワードを取得することであって、前記１以上のキーワードが１以上の指定成分をそれぞれ示す、ことと、
  前記複数の商品データセットに対して前記１以上のキーワードを用いたキーワード検索を行うことにより、前記複数の商品の中から１以上の被疑品を抽出することであって、前記各被疑品は、対応する前記商品説明中に、前記１以上の指定成分のうち少なくとも１つを含む、ことと、
  前記１以上の被疑品の各々の前記商品説明の中から、対応する前記被疑品が含有しない非含有成分について説明する否定的説明を検出することと、
  前記各否定的説明にて説明されている１以上の前記非含有成分を検出することと、
  前記各被疑品が前記１以上の指定成分を含むか否かを判断するための確認用画面をディスプレイに表示することであって、前記確認用画面は、対応する前記被疑品の前記商品説明を表示するように構成され、前記確認用画面の前記商品説明において、前記１以上の非含有成分が強調表示される、ことと、
  を含む、指定商品検出方法。
【請求項６】
  前記１以上の非含有商品を検出することは、前記１以上の被疑品の各々について、
  前記商品説明に対して固有表現抽出を行うことにより、当該商品説明の中から１以上の成分名称を検出することと、
  前記１以上の成分名称の中から前記１以上の指定成分を抽出することと、
  を含む、
  請求項１～４のうち何れか一項に記載の指定商品検出方法。
【請求項７】
  前記複数の商品の各々は、複数の商品区分のうち何れかに区分され、
  前記１以上の指定成分は、前記複数の商品区分のうちの１の商品区分に対して指定されており、
  前記１以上の指定成分は、前記１の商品区分において違法とされる違法成分である、
  請求項１～５のうち何れか一項に記載の指定商品検出方法。
【請求項８】
  前記複数の商品の各々は、複数の商品区分のうち何れかに区分され、
  前記複数の商品区分は、健康食品、医薬品、医薬部外品、化粧品のうち少なくとも１つを含み、
  前記１以上の指定成分は、前記商品区分毎に設定されている、
  請求項１～５のうち何れか一項に記載の指定商品検出方法。
【請求項９】
  前記複数の商品データセットのうちの１の商品データセットが１以上の画像を含む場合であって、かつ、前記１以上の画像のうち少なくとも一部が文字列を含む場合に、前記１以上の画像から前記文字列を抽出することをさらに含み、
  前記１の商品データセットの前記商品説明には、前記１以上の画像から抽出された前記文字列である抽出文字列が含まれる、
  請求項１～５のうち何れか一項に記載の指定商品検出方法。
【請求項１０】
  前記複数の商品の各々は、複数の商品区分のうち何れかに区分され、
  前記１以上の指定成分は、前記複数の商品区分のうちの１の商品区分に対して指定されており、
  前記複数の商品を、前記複数の商品の各々に対応する前記商品説明に基づいて３つのグループに分類することを含み、前記３つのグループは、
    前記１の商品区分に属する対象商品のグループと、
    前記１の商品区分以外の商品区分に属する非対象商品のグループと、
    前記対象商品を含むセット商品のグループと、を含む、
  請求項１～５のうち何れか一項に記載の指定商品検出方法。
【請求項１１】
  前記３つのグループに分類することは、
  多クラス分類モデルに、１の商品についての１の商品説明を入力することであって、前記多クラス分類モデルは、前記１の商品説明に基づいて、前記１の商品を前記３つのグループの何れかに分類するように構成されている、ことと、
  前記多クラス分類モデルから前記１の商品の分類結果を取得することと、を含む、
  請求項１０に記載の指定商品検出方法。
【請求項１２】
  学習データにより訓練することにより前記多クラス分類モデルを生成することと、
  前記学習データとして使用するための複数の正解データセットを生成することと、
  を含み、
  前記学習データは、複数の訓練用商品データセットを含み、
  前記各訓練用商品データセットは、対応する商品についての訓練用商品説明を含み、
  前記訓練用商品説明は、前記対応する商品の含有成分についての説明を含み、
  前記各正解データセットは、
    前記対応する商品の前記訓練用商品説明と、
    前記対応する商品が前記対象商品、前記非対象商品、前記セット商品のうち何れであるかを示す正解ラベルと、を含み、
  前記複数の正解データセットを生成することは、
    言語モデルにプロンプトを入力することと、
    前記言語モデルから前記プロンプトに応じた出力結果を取得することと、
  を含み、
  前記プロンプトは、
    前記複数の商品の各々についての複数の前記訓練用商品説明と、
    前記複数の訓練用商品説明の各々によって説明される前記複数の商品が、前記対象商品、前記非対象商品、及び前記セット商品のうち何れかに該当するかの回答を前記言語モデルに出力させるための指示文と、を含む、
  請求項１１に記載の指定商品検出方法。
【請求項１３】
  コンピュータプログラムコードを記憶する少なくとも１つのメモリと、
  少なくとも１つのプロセッサと、
  を備え、前記少なくとも１つのプロセッサが、前記コンピュータプログラムコードを実行して、
  複数の商品データセットを取得することであって、前記複数の商品データセットの各々は、複数の商品についての商品説明を含み、前記商品説明は、対応する商品の含有成分についての説明を含む、ことと、
  １以上のキーワードを取得することであって、前記１以上のキーワードが１以上の指定成分をそれぞれ示す、ことと、
  前記複数の商品データセットに対して前記１以上のキーワードを用いたキーワード検索を行うことにより、前記複数の商品の中から１以上の被疑品を抽出することであって、前記各被疑品は、対応する前記商品説明中に、前記１以上の指定成分のうち少なくとも１つを含む、ことと、
  前記１以上の被疑品の各々に対応する前記商品説明に基づいて、前記１以上の被疑品の中から、前記１以上の指定成分を含まない１以上の非含有商品を検出することと、
  前記１以上の被疑品から前記１以上の非含有商品を除外することにより、前記１以上の指定成分のうち少なくとも１つを含む含有商品のリストを出力することと、
  を行うように構成される、指定商品検出システム。
【請求項１４】
  コンピュータプログラムコードを記憶する少なくとも１つのメモリと、
  少なくとも１つのプロセッサと、
  を備え、前記少なくとも１つのプロセッサが、前記コンピュータプログラムコードを実行して、
  商品データセットを取得することであって、前記商品データセットは商品についての商品説明を含み、前記商品説明は前記商品の含有成分についての説明を含む、ことと、
  １以上のキーワードを取得することであって、前記１以上のキーワードが１以上の指定成分をそれぞれ示す、ことと、
  前記商品説明に対して前記１以上のキーワードを用いたキーワード検索を行うことにより、前記商品が被疑品であるか否かを判断することであって、前記被疑品は、前記商品説明中に、前記１以上の指定成分のうち少なくとも１つを含む、ことと、
  前記被疑品の前記商品説明の中から、前記被疑品が含有しない非含有成分について説明する否定的説明を検出することと、
  前記否定的説明にて説明されている１以上の前記非含有成分を検出することと、
  前記被疑品が前記１以上の指定成分を含むか否かを判断するための確認用画面をディスプレイに表示することであって、前記確認用画面は、前記被疑品の前記商品説明を表示するように構成され、前記確認用画面の前記商品説明において、前記１以上の非含有成分が強調表示される、ことと、
  を行うように構成される、指定商品検出システム。
【請求項１５】
  少なくとも１つのプロセッサに、
  複数の商品にそれぞれ対応する複数の商品データセットを取得することであって、前記各商品データセットは、対応する商品の含有成分についての商品説明を含む、ことと、
  １以上のキーワードを取得することであって、前記１以上のキーワードが１以上の指定成分をそれぞれ示す、ことと、
  前記複数の商品データセットに対して前記１以上のキーワードを用いたキーワード検索を行うことにより、前記複数の商品の中から１以上の被疑品を抽出することであって、前記各被疑品は、対応する前記商品説明中に、前記１以上の指定成分のうち少なくとも１つを含む、ことと、
  前記１以上の被疑品の中から、前記１以上の被疑品の各々に対応する前記商品説明に基づいて、前記１以上の指定成分を含まない１以上の非含有商品を検出することと、
  前記１以上の被疑品の中から、前記１以上の非含有商品を除外することにより、前記１以上の指定成分のうち少なくとも１つを含む含有商品のリストを出力することと、
  を実行させるためのプログラム。
【請求項１６】
  少なくとも１つのプロセッサに、
  商品データセットを取得することであって、前記商品データセットは商品についての商品説明を含み、前記商品説明は前記商品の含有成分についての説明を含む、ことと、
  １以上のキーワードを取得することであって、前記１以上のキーワードが１以上の指定成分をそれぞれ示す、ことと、
  前記商品説明に対して前記１以上のキーワードを用いたキーワード検索を行うことにより、前記商品が被疑品であるか否かを判断することであって、前記被疑品は、前記商品説明中に、前記１以上の指定成分のうち少なくとも１つを含む、ことと、
  前記被疑品の前記商品説明の中から、前記被疑品が含有しない非含有成分について説明する否定的説明を検出することと、
  前記否定的説明にて説明されている１以上の前記非含有成分を検出することと、
  前記被疑品が前記１以上の指定成分を含むか否かを判断するための確認用画面をディスプレイに表示することであって、前記確認用画面は、前記被疑品の前記商品説明を表示するように構成され、前記確認用画面の前記商品説明において、前記１以上の非含有成分が強調表示される、ことと、
  を実行させるためのプログラム。"
特開2025-163177,特願2025-130255,2025/8/4,2025/10/28,認証システム、認証方法、及びプログラム,楽天グループ株式会社,"G06Q20/40,G06F21/31,G06Q20/38,310",特開2025-163177,,,,,審査中,公開公報の発行,https://www.j-platpat.inpit.go.jp/c1801/PU/JP-2025-163177/11/ja,,,,,,"【課題】決済におけるセキュリティを維持しつつ、ユーザの利便性を高める。
【解決手段】認証システム（１）の種別判定部（１０２）は、所定のサービスにおける決済のための設定対象カードに関する設定が行われる場合に、設定対象カードと、設定対象カードに関連する関連カードと、の少なくとも一方のカードの種別を判定する。認証実行部（１０３）は、少なくとも一方のカードの前記種別に応じた認証のための処理を実行する。設定反映部（１０４）は、認証が実行された場合に、設定を反映する。","【請求項１】
  所定のサービスにおける決済のための設定対象カードに関する設定が行われる場合に、前記設定対象カードに関する付帯情報の有無を判定する判定部と、
  前記設定が行われる場合の認証であって、前記付帯情報の有無に応じた前記認証のための処理を実行する認証実行部と、
  前記認証が実行された場合に、前記設定を反映する設定反映部と、
  を含む認証システム。
【請求項２】
  前記判定部は、前記付帯情報として、電子マネーを識別可能な電子マネー識別情報、又は、ポイントを識別可能なポイント識別情報の有無を判定し、
  前記認証実行部は、前記電子マネー識別情報又はポイント識別情報の有無に応じた認証のための処理を実行する、
  請求項１に記載の認証システム。
【請求項３】
  前記認証実行部は、
  前記付帯情報が無いと判定された場合に、前記付帯情報が利用されない第１認証のための処理を実行し、
  前記付帯情報が有ると判定された場合に、前記付帯情報が利用される第２認証のための処理を実行する、
  請求項１又は２に記載の認証システム。
【請求項４】
  前記認証実行部は、前記付帯情報が有ると判定された場合に、ユーザ端末が前記設定対象カードを読み取ることによって取得された前記付帯情報に基づいて、前記第２認証のための処理を実行する、
  請求項３に記載の認証システム。
【請求項５】
  前記認証システムは、前記ユーザ端末からのログインに基づいて、ログイン中のユーザを識別可能なユーザ識別情報を取得するユーザ識別情報取得部を更に含み、
  前記認証実行部は、
  前記ユーザ端末によって取得された前記付帯情報に関連付けられたユーザ識別情報を特定し、
  前記ログインに基づいて取得された前記ユーザ識別情報と、前記ユーザ端末によって取得された前記付帯情報に関連付けられた前記ユーザ識別情報と、に基づいて、前記第２認証のための処理を実行する、
  請求項４に記載の認証システム。
【請求項６】
  前記判定部は、前記設定対象カードの前記付帯情報と、前記設定対象カードに関連する関連カードに関する付帯情報と、の各々の有無を判定し、
  前記認証実行部は、前記設定対象カードに前記付帯情報が無いと判定されたとしても、前記関連カードに前記付帯情報が有ると判定された場合に、前記第２認証のための処理を実行する、
  請求項３に記載の認証システム。
【請求項７】
  前記設定対象カードは、前記設定を行うユーザ本人の本人カードであり、
  前記関連カードは、前記ユーザの家族の家族カードであり、
  前記認証実行部は、前記本人カードに前記付帯情報が無いと判定されたとしても、前記家族カードに前記付帯情報が有ると判定された場合に、前記第２認証のための処理を実行する、
  請求項６に記載の認証システム。
【請求項８】
  前記認証実行部は、前記設定対象カードに前記付帯情報が有ると判定されたとしても、前記設定対象カードに関連する前記関連カードをユーザ端末が読み取ることによって取得された付帯情報に基づいて、前記第２認証のための処理を実行可能である、
  請求項３に記載の認証システム。
【請求項９】
  前記認証実行部は、
  前記付帯情報が無効である場合に、前記第１認証のための処理を実行し、
  前記付帯情報が有効である場合に、前記第２認証のための処理を実行する、
  請求項３に記載の認証システム。
【請求項１０】
  前記認証システムは、前記設定が反映された前記設定対象カードの有効期限が更新された場合に、再度の前記認証を要することなく、前記設定に基づいて、決済を実行可能な決済実行部を更に含む、
  請求項１又は２に記載の認証システム。
【請求項１１】
  前記認証システムは、前記認証が実行された場合に、前記所定のサービスとは異なる他のサービスに、前記認証を適用する認証適用部を更に含む、
  請求項１又は２に記載の認証システム。
【請求項１２】
  所定のサービスにおける決済のための設定対象カードに関する設定が行われる場合に、前記設定対象カードに関する付帯情報の有無を判定する判定ステップと、
  前記設定が行われる場合の認証であって、前記付帯情報の有無に応じた前記認証のための処理を実行する認証実行ステップと、
  前記認証が実行された場合に、前記設定を反映する設定反映ステップと、
  を含む認証方法。
【請求項１３】
  所定のサービスにおける決済のための設定対象カードに関する設定が行われる場合に、前記設定対象カードに関する付帯情報の有無を判定する判定部、
  前記設定が行われる場合の認証であって、前記付帯情報の有無に応じた前記認証のための処理を実行する認証実行部、
  前記認証が実行された場合に、前記設定を反映する設定反映部、
  としてコンピュータを機能させるためのプログラム。"
特許7760775,特願2025-022165,2025/2/14,2025/10/27,情報処理装置、情報処理システム、情報処理方法及びプログラム,楽天グループ株式会社,G06Q50/10,,,特許7760775,,,特許 有効,登録公報の発行,https://www.j-platpat.inpit.go.jp/c1801/PU/JP-7760775/15/ja,,,,,,"【課題】複数のミッションのユーザへの提供を有効に活用することができる情報処理装置、情報処理システム、情報処理方法及びプログラムを提供する。
【解決手段】プロセッサは、ユーザ端末装置におけるウェブブラウザからの表示要求により、複数のミッションに関するウェブページを表示させる。プロセッサは、複数のミッションのうち少なくとも何れかの達成に関するアクセスに応じて複数のミッションの達成条件のうち少なくとも何れかが成立したか否かを判定する。ウェブページは、第２ミッションの達成に関するアクセスを可能とする第２ミッションリンクを含まずに、第１ミッションの達成に関するアクセスを可能とする第１ミッションリンクと、ユーザ端末装置にインストール可能であるアプリを介して第２ミッションの達成に関するアクセスが可能となる情報とを含む。","【請求項１】
  プログラムを格納するように構成される少なくとも１つのメモリと、
  前記プログラムに基づいて処理を実行するように構成される少なくとも１つのプロセッサと、を備え、
  前記少なくとも１つのプロセッサは、
  ユーザ端末装置からの表示要求により、第１ミッションと第２ミッションとを含む複数のミッションに関するミッション情報を前記ユーザ端末装置に表示させることと、
  前記複数のミッションのうち少なくとも何れかの達成に関するアクセスに応じて前記複数のミッションの達成条件のうち少なくとも何れかが成立したか否かを判定することと、
  を実行し、
  前記ミッション情報を前記ユーザ端末装置に表示させることは、前記ユーザ端末装置におけるウェブブラウザからの表示要求により、前記複数のミッションに関するウェブページを表示させることを含み、
  前記ウェブページは、前記第２ミッションの達成に関するアクセスを可能とする第２ミッションリンクを含まずに、前記第１ミッションの達成に関するアクセスを可能とする第１ミッションリンクと、前記ユーザ端末装置にインストール可能であるアプリを介して前記第２ミッションの達成に関するアクセスが可能となる情報とを含む、
  情報処理装置。
【請求項２】
  請求項１に記載の情報処理装置であって、
  前記ミッション情報を前記ユーザ端末装置に表示させることは、前記ユーザ端末装置にインストールされた前記アプリからの表示要求により、前記複数のミッションに関するアプリページを表示させることを含み、
  前記アプリページは、前記第１ミッションの達成に関するアクセスを可能とする第１ミッションリンクと、前記第２ミッションの達成に関するアクセスを可能とする第２ミッションリンクと、を含む、
  情報処理装置。
【請求項３】
  請求項２に記載の情報処理装置であって、
  前記ウェブページは、前記アプリを起動させるためのアプリリンクを含む、
  情報処理装置。
【請求項４】
  請求項２に記載の情報処理装置であって、
  前記ウェブページは、前記ユーザ端末装置に前記アプリがインストールされている場合に前記アプリを起動させるとともに前記アプリからの表示要求を行い、前記ユーザ端末装置に前記アプリがインストールされていない場合に前記アプリのインストールサービスを起動させるアプリリンクを含む、
  情報処理装置。
【請求項５】
  請求項２に記載の情報処理装置であって、
  前記達成条件が成立したか否かを判定することは、ログインしたユーザに対応する前記達成条件が成立したか否かを判定することを含み、
  前記少なくとも１つのプロセッサは、ユーザ毎に前記複数のミッションの達成状況をそれぞれ登録することを実行し、
  前記ウェブページは、前記第１ミッションの達成状況を含み、
  前記アプリページは、前記第１ミッションの達成状況と、前記第２ミッションの達成状況とを含む、
  情報処理装置。
【請求項６】
  請求項２に記載の情報処理装置であって、
  前記少なくとも１つのプロセッサは、前記ユーザ端末装置からの開始要求により、前記開始要求から予め定めた有効期間に亘って前記複数のミッションを提供することを実行する、
  情報処理装置。
【請求項７】
  請求項２に記載の情報処理装置であって、
  前記第１ミッションは、第１サービスに関するミッションを含み、
  前記第２ミッションは、第２サービスに関するミッションを含む、
  情報処理装置。
【請求項８】
  請求項１から請求項７のうち何れか一項に記載の情報処理装置であって、
  前記少なくとも１つのプロセッサは、前記複数のミッションのうち少なくとも何れかの達成に応じてユーザに報酬を付与することを実行する、
  情報処理装置。
【請求項９】
  請求項８に記載の情報処理装置であって、
  前記報酬は、少なくとも２つ以上のサービスにおいて使用可能であり、
  前記報酬をユーザに付与することは、前記少なくとも２つ以上のサービスにおける利用に応じて前記報酬をユーザに付与することを含む、
  情報処理装置。
【請求項１０】
  請求項８に記載の情報処理装置であって、
  前記報酬は、付与されてから予め定めた期間において有効となる期間限定報酬を含む、
  情報処理装置。
【請求項１１】
  請求項８に記載の情報処理装置であって、
  前記報酬をユーザに付与することは、前記第２ミッションを達成した場合に、前記第１ミッションを達成した場合よりも高い報酬価値を付与することを含む、
  情報処理装置。
【請求項１２】
  プログラムを格納するように構成される少なくとも１つのメモリと、
  前記プログラムに基づいて処理を実行するように構成される少なくとも１つのプロセッサと、を備え、
  前記少なくとも１つのプロセッサは、
  ユーザ端末装置からの表示要求により、第１ミッションと第２ミッションとを含む複数のミッションに関するミッション情報を前記ユーザ端末装置に表示させることと、
  前記複数のミッションのうち少なくとも何れかの達成に関するアクセスに応じて前記複数のミッションの達成条件のうち少なくとも何れかが成立したか否かを判定することと、
  を実行し、
  前記ミッション情報を前記ユーザ端末装置に表示させることは、前記ユーザ端末装置におけるウェブブラウザからの表示要求により、前記複数のミッションに関するウェブページを表示させることを含み、
  前記ウェブページは、前記第２ミッションの達成に関するアクセスを可能とする第２ミッションリンクを含まずに、前記第１ミッションの達成に関するアクセスを可能とする第１ミッションリンクと、前記ユーザ端末装置にインストール可能であるアプリを介して前記第２ミッションの達成に関するアクセスが可能となる情報とを含む、
  情報処理システム。
【請求項１３】
  少なくとも１つのプロセッサが、
  ユーザ端末装置からの表示要求により、第１ミッションと第２ミッションとを含む複数のミッションに関するミッション情報を前記ユーザ端末装置に表示させることと、
  前記複数のミッションのうち少なくとも何れかの達成に関するアクセスに応じて前記複数のミッションの達成条件のうち少なくとも何れかが成立したか否かを判定することと、
  を実行し、
  前記ミッション情報を前記ユーザ端末装置に表示させることは、前記ユーザ端末装置におけるウェブブラウザからの表示要求により、前記複数のミッションに関するウェブページを表示させることを含み、
  前記ウェブページは、前記第２ミッションの達成に関するアクセスを可能とする第２ミッションリンクを含まずに、前記第１ミッションの達成に関するアクセスを可能とする第１ミッションリンクと、前記ユーザ端末装置にインストール可能であるアプリを介して前記第２ミッションの達成に関するアクセスが可能となる情報とを含む、
  情報処理方法。
【請求項１４】
  少なくとも１つのプロセッサに、
  ユーザ端末装置からの表示要求により、第１ミッションと第２ミッションとを含む複数のミッションに関するミッション情報を前記ユーザ端末装置に表示させることと、
  前記複数のミッションのうち少なくとも何れかの達成に関するアクセスに応じて前記複数のミッションの達成条件のうち少なくとも何れかが成立したか否かを判定することと、
  を実行させ、
  前記ミッション情報を前記ユーザ端末装置に表示させることは、前記ユーザ端末装置におけるウェブブラウザからの表示要求により、前記複数のミッションに関するウェブページを表示させることを含み、
  前記ウェブページは、前記第２ミッションの達成に関するアクセスを可能とする第２ミッションリンクを含まずに、前記第１ミッションの達成に関するアクセスを可能とする第１ミッションリンクと、前記ユーザ端末装置にインストール可能であるアプリを介して前記第２ミッションの達成に関するアクセスが可能となる情報とを含む、
  プログラム。"
特許7760662,特願2024-112580,2024/7/12,2025/10/27,情報処理システム、情報処理方法及びプログラム,楽天グループ株式会社,"G06N20/10,G06Q30/0241,G06F18/2411,G06N3/0475,G06N3/10",,,特許7760662,,,特許 有効,登録公報の発行,https://www.j-platpat.inpit.go.jp/c1801/PU/JP-7760662/15/ja,,,,,,"【課題】より改善された手法で機械学習モデルを利用する情報処理システム、情報処理方法及びプログラムを提供する。
【解決手段】情報処理方法は、機械学習の生成モデルにプロンプトを入力することＳ１５を含む。生成モデル１４は、当該生成モデルにデータを生成させるための指示が入力されると、指示に応じて生成したデータを出力する。プロンプトは、１以上のユーザ端末に送信するための通知文の１の原案と、１の原案を修正させるための修正指示とを含む。情報処理方法はまた、生成モデルが修正指示に従って１の原案を修正した草案を生成モデルから取得することＳ１６と、機械学習の予測モデル２６に草案を入力することＳ１７と、を含む。予測モデルは、草案が入力されると、草案を受信した場合のユーザの反応を示す指標の予測結果を出力する。","【請求項１】
  複数の命令を記憶するメモリと、
  少なくとも１つのプロセッサと、
  を備え、前記少なくとも１つのプロセッサが、前記複数の命令を実行して、
  機械学習の生成モデルにプロンプトを入力することであって、前記生成モデルは、当該生成モデルにデータを生成させるための指示を入力すると、前記指示に応じて生成したデータを出力するように構成されており、前記プロンプトが、１以上のユーザ端末に送信するための通知文の１の原案と、前記１の原案を修正させるための修正指示とを含む、ことと、
  前記生成モデルが前記修正指示に従って前記１の原案を修正した草案を前記生成モデルから取得することと、
  機械学習の予測モデルに前記草案を入力することであって、前記予測モデルは、前記草案を入力すると、前記草案を受信した場合のユーザの反応を示す指標の予測結果を出力するように構成されている、ことと、
  前記予測モデルが出力した前記草案に対する前記予測結果を取得することと、
  を行うように構成される、情報処理システム。
【請求項２】
  前記修正指示は、前記１の原案に対して複数の草案を生成させるための指示を含み、
  前記少なくとも１つのプロセッサが、
  前記生成モデルが前記修正指示に従って生成した複数の草案を前記生成モデルから取得することと、
  前記予測モデルに前記複数の草案を入力することと、
  前記予測モデルが出力した前記複数の草案の各々に対する複数の予測結果を取得することと、
  を行うように構成される、
  請求項１に記載の情報処理システム。
【請求項３】
  前記少なくとも１つのプロセッサが、
  前記複数の草案を、前記複数の草案の各々に対する前記複数の予測結果とともに、前記通知文の作成を担当する担当者が使用する端末装置に送信するように構成される、
  請求項２に記載の情報処理システム。
【請求項４】
  前記少なくとも１つのプロセッサが、通知を前記１以上のユーザ端末に送信するように構成され、
  前記通知は、前記複数の草案のうちの前記担当者が選択した１つの草案を前記通知文として含むか、または、前記担当者が前記１つの草案を修正した文を前記通知文として含む、
  請求項３に記載の情報処理システム。
【請求項５】
  前記少なくとも１つのプロセッサが、
  前記複数の草案のうち、前記予測結果が最も良好であった１つを、前記通知文の作成を担当する担当者が使用する端末装置に表示させるように構成される、
  請求項２に記載の情報処理システム。
【請求項６】
  前記通知文は１の店舗についての広告文を含み、
  前記少なくとも１つのプロセッサが、前記１の店舗についての店舗情報を取得するように構成され、
  前記修正指示が、前記１の店舗についての店舗情報を含む、
  請求項１～５のうち何れか一項に記載の情報処理システム。
【請求項７】
  前記通知文は１の店舗についての広告文を含み、
  前記修正指示が前記広告文を生成する際の補足情報を含み、
  前記補足情報が、前記１の店舗が電子決済サービスの加盟店であることと、前記ユーザが前記電子決済サービスの利用者であることと、を含む、
  請求項１～５のうち何れか一項に記載の情報処理システム。
【請求項８】
  前記少なくとも１つのプロセッサが、
  前記通知文を含む通知を前記１以上のユーザ端末に送信するように構成され、前記通知は、前記１以上のユーザ端末の各々にインストールされたアプリケーションに表示するためのフォーマットで作成され、
  前記フォーマットは、前記通知のタイトルと本文とを含み、
  前記草案は、前記タイトル又は前記本文の、少なくとも一部である、
  請求項１～５のうち何れか一項に記載の情報処理システム。
【請求項９】
  前記予測モデルは、複数のユーザの各々についての複数の属性値を含む、前記複数のユーザについてのユーザデータを用いて訓練されることにより、ユーザの属性に応じた予測結果を出力するように構成され、
  前記少なくとも１つのプロセッサが、
  前記通知文を受信する予定のユーザの属性を前記草案とともに前記予測モデルに入力することと、
  前記予測モデルが出力した、前記ユーザの属性に応じた前記予測結果を取得することと、
  を行うように構成される、
  請求項１～５のうち何れか一項に記載の情報処理システム。
【請求項１０】
  前記指標は、ユーザエンゲージメントを示す指標である、
  請求項１～５のうち何れか一項に記載の情報処理システム。
【請求項１１】
  前記少なくとも１つのプロセッサが、
  前記通知文を含む通知を前記１以上のユーザ端末に送信するように構成され、
  前記通知は、ウェブサイトのリンクを含み、
  前記指標はクリック率である、
  請求項１～５のうち何れか一項に記載の情報処理システム。
【請求項１２】
  前記修正指示は、前記指標の値が改善されるように、前記１の原案を修正させるための指示を含む、
  請求項１～５のうち何れか一項に記載の情報処理システム。
【請求項１３】
  前記修正指示は、前記指標の値が規定の目標値に近づくか、あるいは前記目標値を超えるように、前記１の原案を修正させるための指示を含む、
  請求項１～５のうち何れか一項に記載の情報処理システム。
【請求項１４】
  少なくとも１つのプロセッサによって実行される情報処理方法であって、
  機械学習の生成モデルにプロンプトを入力することであって、前記生成モデルは、当該生成モデルにデータを生成させるための指示を入力すると、前記指示に応じて生成したデータを出力するように構成されており、前記プロンプトが、１以上のユーザ端末に送信するための通知文の１の原案と、前記１の原案を修正させるための修正指示とを含む、ことと、
  前記生成モデルが前記修正指示に従って前記１の原案を修正した草案を前記生成モデルから取得することと、
  機械学習の予測モデルに前記草案を入力することであって、前記予測モデルは、前記草案を入力すると、前記草案を受信した場合のユーザの反応を示す指標の予測結果を出力するように構成されている、ことと、
  を含む、情報処理方法。
【請求項１５】
  少なくとも１つのプロセッサに、
  機械学習の生成モデルにプロンプトを入力することであって、前記生成モデルは、当該生成モデルにデータを生成させるための指示を入力すると、前記指示に応じて生成したデータを出力するように構成されており、前記プロンプトが、１以上のユーザ端末に送信するための通知文の１の原案と、前記１の原案を修正させるための修正指示とを含む、ことと、
  前記生成モデルが前記修正指示に従って前記１の原案を修正した草案を前記生成モデルから取得することと、
  機械学習の予測モデルに前記草案を入力することであって、前記予測モデルは、前記草案を入力すると、前記草案を受信した場合のユーザの反応を示す指標の予測結果を出力するように構成されている、ことと、
  を行わせるためのプログラム。"
